node_id,target
2090,1
163,3
1650,1
4045,3
2580,1
966,2
1263,3
401,0
1632,1
3388,0
5209,4
1522,1
7089,3
12,1
5936,0
3292,3
2318,3
585,2
79,3
5231,3
4070,3
4436,1
2249,0
3729,1
2801,2
4420,3
7060,3
7591,3
1536,3
6889,0
5356,0
4395,0
7349,2
4203,1
3981,0
5786,2
7452,3
3633,3
3543,0
531,2
6706,1
4939,3
5661,3
7044,0
3044,3
1176,0
5408,3
6844,4
3078,4
964,3
2126,4
7177,0
5375,1
4463,3
5559,1
2734,1
5677,3
6671,3
7018,0
905,3
742,3
3217,0
7385,1
1110,0
4093,0
6587,1
4937,1
3945,3
2056,3
4614,0
525,3
4997,2
1107,2
1674,0
4172,1
5734,1
3865,3
4709,3
5030,3
6393,0
496,0
5609,0
809,3
6267,1
7037,3
167,1
523,0
3166,1
5104,3
5288,4
2950,0
2934,3
3455,3
5776,1
5081,0
125,1
1642,3
7235,4
4206,3
5829,0
929,0
5493,0
1324,0
1081,1
2189,1
46,0
6818,1
3284,3
576,0
2935,4
6275,3
250,1
343,1
1761,4
5709,3
5350,3
2747,3
4462,0
6462,1
6296,1
425,4
675,1
6157,3
4949,2
2407,1
3156,3
4065,0
1824,3
3105,1
5318,1
2069,1
3182,3
5535,0
2127,0
3740,0
4580,0
7290,0
3540,0
1517,1
5818,1
420,0
6311,0
1280,4
2930,1
7010,3
5012,3
3057,0
6191,1
7121,0
3060,0
6014,3
1434,3
1778,2
921,1
2243,1
6502,1
1024,3
6655,0
2681,1
2010,3
3784,1
4488,0
7088,3
452,3
2239,4
2325,0
3293,0
1227,4
3936,1
5596,4
3554,0
2236,3
5243,0
6426,3
852,0
4231,3
557,3
3271,3
6681,3
4319,3
2411,1
4099,1
1715,3
6866,0
4277,0
2112,0
1919,3
6582,3
3083,3
643,1
2012,3
1043,4
4468,3
5451,0
4476,3
5522,3
347,3
1438,3
6508,4
6432,0
3177,1
7239,4
7550,3
5893,0
648,1
2788,0
941,4
4874,3
5982,3
6811,1
7206,3
868,1
5106,1
4917,3
5121,3
1199,2
462,3
2713,0
2105,1
982,0
4376,3
7517,3
6609,0
2675,4
6788,0
2113,3
149,3
4657,1
2925,1
4671,1
7142,3
2183,0
2870,3
6884,1
4126,0
4414,3
5286,1
6739,2
2231,3
2301,2
6214,3
2653,3
4884,3
7093,3
6048,0
5362,3
3296,2
3597,3
1792,3
6710,0
3933,4
6232,0
5414,4
7315,3
7148,3
7442,4
3368,3
1935,3
6003,3
5402,0
5543,0
7336,3
3785,1
514,3
1574,1
678,1
1524,3
1462,1
7447,1
2436,0
4234,0
5453,0
2361,1
36,2
5830,1
5959,1
5080,0
6993,3
5795,1
2994,1
707,1
342,3
4643,0
1802,3
1752,2
5808,0
5533,1
4751,3
7247,3
2584,2
5412,0
7333,1
4472,3
4249,0
2650,2
4956,3
5186,1
6418,1
4546,3
5770,3
6821,3
7343,4
3828,3
4760,1
3517,1
4181,1
5748,1
2017,1
4913,0
6050,1
1666,3
923,3
5147,3
3777,3
7435,3
6712,1
4781,3
5621,3
1029,0
1114,3
1589,2
1854,1
1812,4
6986,4
6438,3
2299,3
1659,0
3910,3
3710,1
1815,1
5038,4
3511,4
706,0
1132,3
6976,1
4359,3
7302,3
6764,1
2042,0
6953,0
771,4
4426,0
6992,0
6563,1
5305,0
6886,1
3792,3
4279,3
1219,0
2223,1
6355,1
6239,0
355,0
1793,1
2290,3
1897,0
4550,1
4713,3
3813,0
3430,0
788,3
6434,2
6600,3
2443,3
3550,3
2108,4
1653,3
1749,1
4905,1
2076,0
2439,0
1282,3
7202,3
461,0
1122,0
482,0
5617,1
70,0
1508,1
5083,0
1288,1
4276,0
2268,1
4561,2
2266,0
851,3
2259,3
5532,1
2063,4
6898,0
4439,3
3248,3
892,0
2427,2
6868,0
1230,1
7237,1
337,4
219,0
849,0
6485,4
7126,0
4601,1
5152,1
3954,1
3090,2
6471,0
4982,3
2258,0
4573,0
1602,3
2483,0
4201,1
6860,3
494,4
1365,1
3568,1
2534,3
3337,1
1414,2
4193,0
1703,1
5805,4
1458,0
6990,0
502,1
2310,1
4577,0
4797,0
3942,3
5586,1
4654,1
118,3
1834,4
2954,3
3436,3
5843,0
1121,1
2766,0
1311,1
7135,1
6756,2
6480,1
7104,4
7478,3
4210,3
3286,1
3406,1
308,2
5880,3
3014,0
2058,1
6442,0
5828,0
4847,3
5998,3
1736,1
7108,1
1732,0
4168,3
7248,3
6295,1
1422,1
5752,3
269,0
4131,3
3577,1
931,3
7548,0
3719,1
3697,2
3131,0
2561,1
2864,0
652,0
7099,0
1032,3
213,4
6506,1
908,1
1973,1
7128,1
6705,3
4830,0
5507,3
437,3
4695,0
4493,4
6364,1
2329,0
1830,4
5353,3
4801,3
633,4
1860,3
3748,3
178,3
2602,4
4889,2
789,3
6010,1
1255,0
2707,0
5490,1
4066,2
5964,4
6677,0
4054,3
2360,1
4860,0
3703,3
3029,0
7512,3
1900,3
658,3
5604,3
4248,1
2388,1
4950,3
2661,1
3957,1
6376,1
4487,3
5398,3
4996,3
7533,3
4571,3
610,0
4559,3
2313,1
4513,3
6226,0
3587,1
2732,0
3373,1
2102,1
6615,3
1623,1
4092,0
3817,1
2128,0
5151,4
2125,4
5762,2
1944,3
7214,0
2035,3
1393,0
4302,1
3992,1
1093,0
4094,0
798,1
2849,1
3588,4
3630,3
5163,0
7483,1
432,0
567,1
1315,0
2167,2
5341,1
2182,4
713,3
4447,2
5485,1
52,0
6749,3
4887,1
972,1
4080,3
1494,2
6495,1
2437,3
7008,4
6165,3
4536,0
1166,0
7400,1
1808,0
5290,0
4783,3
1078,3
4799,1
5143,3
2532,4
2940,1
6198,4
4057,3
1713,1
4318,2
7564,1
5651,0
7250,3
5950,1
4616,1
4553,0
4868,2
703,1
4551,3
3427,1
164,1
3860,3
418,1
5804,0
54,3
5523,0
3875,1
969,1
5224,3
4700,3
3313,3
6981,3
1784,3
6327,4
5383,1
6185,3
7303,1
1124,3
5366,0
2905,0
7454,1
6287,0
414,0
6195,1
2808,1
3171,3
4061,1
6882,0
2441,3
13,1
6202,3
6134,3
2001,3
2234,0
3478,0
7213,3
5921,3
2659,4
6484,2
5240,1
1196,0
1145,0
2504,0
2848,3
4639,2
3818,4
2790,3
6383,0
1635,3
7339,3
3023,0
2054,0
5173,0
777,3
7229,3
6084,1
4957,0
1750,1
4183,4
1482,1
3167,1
3612,1
1143,0
6040,3
386,1
2622,3
5726,2
5679,3
4273,3
5500,0
2000,3
7096,4
4425,0
5896,0
5292,0
188,0
1771,1
4976,3
5253,3
2349,3
3153,3
6792,0
6759,1
3545,3
2093,1
87,0
5593,3
5280,3
1987,1
7270,0
4252,1
1470,3
4333,4
2032,0
3192,0
6139,3
4791,4
6604,3
4863,3
4242,3
248,0
6774,2
4079,3
3863,3
6610,4
5729,2
3215,1
795,4
1918,4
6169,3
3929,1
3983,2
7567,1
270,4
1712,1
1426,0
7337,3
5756,0
2168,1
2489,1
7534,2
1453,4
1417,3
5718,3
1538,1
2683,3
2880,1
1745,4
5098,0
3576,0
950,3
5200,1
6026,2
4531,0
2879,0
3380,3
277,1
2373,0
858,0
1543,2
2324,3
7245,1
349,3
569,3
2871,1
697,1
1507,1
606,0
6804,0
3238,3
1610,0
5867,1
3450,4
3673,1
3961,0
5187,0
2786,4
2541,1
6852,1
807,1
5279,4
947,3
2028,0
4429,3
460,0
3790,0
7318,1
2530,3
5589,3
136,3
738,1
3764,0
1400,0
2682,3
2854,1
7433,3
1208,4
2709,4
456,4
6776,2
6394,1
9,3
2554,3
5191,2
5015,3
3274,0
4290,3
2131,4
2586,2
3990,0
3544,0
1841,1
7408,3
5107,1
5844,1
5949,4
7347,0
3350,3
4100,1
6488,0
415,2
7171,3
6412,1
4691,1
3369,3
2749,3
5629,2
3826,3
3882,4
6578,1
279,3
5504,3
5249,1
1386,0
2456,3
3320,4
7021,0
6878,4
6679,1
5138,3
545,4
1201,3
5985,1
5182,2
6731,3
6954,3
4959,3
3367,3
3408,3
5822,4
2617,3
141,4
4127,1
3294,4
4446,0
1179,0
2008,3
1475,3
3054,1
3948,0
6661,1
6025,4
2345,3
6329,0
1735,0
261,4
5315,0
1818,3
194,2
1978,0
1995,0
5809,0
6059,0
765,0
724,0
7594,3
7100,0
1742,0
6248,0
3181,4
379,1
2150,3
4179,3
3327,4
3757,0
530,1
267,3
1994,0
189,3
1662,2
4512,3
4081,4
4322,1
808,2
2689,3
1848,4
2838,0
906,3
5000,1
2172,3
2186,0
5088,3
3989,4
1457,1
5337,0
3953,3
4188,1
5335,3
1629,0
6141,0
3975,3
6771,3
369,3
5723,0
6922,4
3446,1
821,1
4548,1
1382,0
5035,3
3452,3
7536,0
3414,0
2272,0
847,4
5873,0
153,2
1388,1
4467,4
4091,4
6200,3
3428,4
131,2
1864,3
729,3
999,0
3670,3
6581,2
2252,0
2794,2
7095,3
4101,1
3357,1
3930,3
925,4
4795,1
2009,3
1006,3
7399,2
4775,3
436,1
4339,3
888,3
674,3
4563,3
6871,1
6819,1
6697,1
5325,3
7465,3
3639,0
1035,1
1831,4
2821,0
2365,3
4742,0
4880,3
2842,1
3407,3
4774,0
5078,3
6509,4
7211,0
3335,2
2693,0
5327,1
1481,4
4373,3
2620,4
6344,3
3625,0
4133,3
2746,0
4348,3
636,0
3980,0
3806,3
6709,1
2997,0
2702,2
4496,3
6594,4
5683,1
3019,2
7575,3
4175,1
5155,1
2814,0
6885,0
3168,3
1630,3
2705,3
6230,1
1874,3
6482,4
4771,2
4399,2
7471,3
2154,1
1350,0
4377,4
1554,4
4532,3
7272,1
1242,3
6263,4
4552,0
7299,1
6259,1
6653,1
1644,4
7047,3
3250,1
3465,1
5489,1
1620,1
2435,3
4016,0
4434,2
2398,4
4445,0
6839,1
7551,2
4969,3
1807,0
2224,0
53,2
5021,3
5884,1
6388,3
3571,4
3365,1
368,0
1741,2
5853,3
4733,3
6170,1
7486,4
2900,3
5274,3
3228,0
3340,0
3895,3
3967,3
6091,0
7267,3
7335,3
4567,2
351,3
1246,1
4007,0
4753,3
4486,3
1789,4
7078,3
11,3
692,2
3706,1
1702,3
7282,4
2270,4
5217,3
3277,3
5127,1
5597,0
7393,1
1249,3
5409,3
6469,0
6403,3
2311,3
4437,3
2872,1
3654,1
3036,4
6123,0
4720,1
5761,3
4813,3
6253,0
5033,0
4716,0
7295,1
773,2
5185,0
4747,0
4855,1
4138,0
4702,0
1185,2
1465,3
7488,3
4879,2
3066,0
1303,0
1788,1
4004,3
6142,0
7207,4
156,1
1068,0
976,2
6747,3
574,4
2142,0
5978,3
4296,4
6850,3
1898,0
7046,3
2166,3
7048,4
6211,0
3760,1
1549,3
4978,3
3339,1
4087,3
5146,4
6633,1
6087,3
3727,1
723,0
6183,1
5572,4
1544,4
6104,4
447,3
6322,3
4453,3
6011,0
581,1
1594,3
6763,2
2633,3
3266,1
2045,4
6265,1
5439,3
2982,3
2927,0
6696,4
7508,0
8,3
2204,3
2635,3
3819,0
7556,1
4960,3
4043,3
3709,0
323,1
3595,3
4517,1
3634,3
705,3
4063,3
1450,4
2878,1
4171,1
2424,1
4227,3
195,3
2472,0
1550,3
638,0
3572,3
5684,1
1455,4
448,0
1058,0
2315,2
6174,3
1863,0
4740,0
6674,1
1787,4
5047,3
1641,3
6877,0
3282,0
129,3
398,4
2948,1
3420,0
2213,3
4790,2
5252,2
7246,3
5265,0
6561,1
4391,1
4935,3
3694,1
7348,3
327,2
1224,4
2305,3
1065,4
2877,4
4752,1
6492,3
621,1
5481,0
5385,0
7264,1
6122,3
989,1
2839,3
5045,0
1716,3
1047,2
1537,3
4167,0
1559,3
4308,3
6224,0
6914,0
5099,0
5948,3
2467,3
2143,2
4315,3
4293,3
5645,2
5672,3
3242,1
3502,1
4382,4
5222,3
4275,3
3651,1
3075,1
4220,0
4309,4
4174,3
539,4
7280,0
2403,3
1333,3
3103,3
2517,4
2606,1
6060,3
300,1
6016,3
3631,0
2824,0
6836,3
1030,3
3522,1
6208,0
4826,3
6042,1
1451,4
1843,1
7389,0
6256,3
2358,1
5898,3
311,3
5196,3
4155,2
4297,4
536,1
4071,4
815,0
1356,0
7484,3
3120,0
3325,3
4300,3
2492,2
4139,1
1892,1
4503,3
2901,2
4018,2
5941,0
4876,1
314,1
4440,3
4714,1
5310,2
5603,3
2216,2
2528,1
1483,0
3551,3
3324,0
2137,3
828,3
2711,1
4343,3
3793,4
1192,0
1039,1
6612,4
3498,4
7122,0
3484,3
5584,3
3751,4
862,0
1634,2
4833,3
1101,3
6181,0
158,2
4327,2
4834,4
1195,3
747,1
5905,3
3068,0
7477,0
7313,3
4652,3
3602,1
3258,1
6805,1
3758,0
3701,3
3240,3
2822,3
1947,3
601,3
1896,0
2415,3
392,3
2478,3
6428,1
2162,1
5491,1
2909,3
4893,0
5312,1
4438,3
6620,1
6539,3
6166,0
1855,1
273,3
6111,3
7491,3
93,3
51,3
2720,4
4354,0
5016,3
6037,0
114,0
6255,1
1203,4
7559,3
1625,1
4230,1
466,4
7110,3
746,0
5686,3
5737,4
2657,1
1223,0
1605,0
6367,4
86,4
1183,3
670,0
6487,4
3433,0
2062,3
6642,3
1955,0
7495,0
6794,1
2433,4
4999,1
6676,3
4520,0
6005,4
6276,3
7117,3
7163,4
6397,2
1526,3
5345,2
6663,3
6933,3
287,3
1319,1
2645,0
6294,0
2283,1
4410,3
3716,3
2600,3
1760,2
3531,1
7552,3
3143,4
4843,1
944,3
3494,1
4294,4
3976,4
1779,0
6729,1
322,1
2267,0
390,0
4756,2
6172,3
3031,1
3937,4
4555,0
5073,1
5326,0
1020,2
6479,3
4620,0
2538,2
5546,1
245,3
4360,0
997,1
3801,0
7279,4
264,3
1226,4
4681,0
7035,2
5833,0
1395,0
3924,3
2656,3
2544,0
4469,0
5712,1
2057,1
1592,0
2591,1
4064,0
3632,3
4280,0
6745,2
3743,1
3873,2
5659,0
980,3
2769,3
4891,4
3402,0
312,1
1665,0
6985,3
2862,3
916,0
4528,0
6896,1
991,3
3738,1
7158,3
7422,0
1432,0
7350,0
2153,3
2508,4
1408,1
3198,0
7081,2
6999,3
1491,1
2082,3
6045,3
1976,1
2298,3
4329,1
955,1
4907,1
2680,0
2095,3
5264,3
3444,1
4736,3
7586,0
1618,0
4814,4
4083,4
2226,1
6845,0
2353,1
421,4
5348,3
4541,1
5438,3
4506,3
2294,3
1730,3
3435,3
5781,0
7184,3
5467,3
6895,2
4710,1
6465,1
1601,3
6216,1
6907,4
5652,0
6023,2
5469,1
1967,4
97,4
6410,3
471,4
7441,4
5550,0
6550,0
3413,4
5815,1
4267,3
2229,1
6326,3
5395,3
4008,0
6422,0
607,1
6301,3
2103,3
3908,0
2022,3
3733,3
6607,3
6474,4
3766,4
5145,3
453,4
6972,3
2230,3
1828,3
5434,1
1804,3
5746,0
2964,4
1862,4
6662,3
2367,0
7355,4
1667,0
3401,3
7027,3
2779,3
4955,2
3724,3
1616,0
3379,0
4877,4
5605,4
151,0
3916,4
4485,4
3891,0
3474,3
4916,0
5226,3
3547,0
4270,3
1137,1
6312,2
7598,1
5554,0
505,0
3475,3
959,4
1551,1
6066,0
5960,3
3174,1
7075,3
5821,4
6951,3
5053,1
7161,2
782,3
6035,1
3796,0
2187,3
4154,0
4585,1
6398,2
1375,1
886,3
4046,0
6110,3
2883,0
391,3
4049,0
5129,0
7243,0
6568,4
5006,1
331,4
2728,4
1094,3
5842,4
1191,0
840,4
4055,3
7481,3
144,3
4245,0
6987,0
624,4
5944,1
4963,4
7409,2
7140,0
5784,3
547,1
1901,3
4885,3
4521,3
3025,1
3140,3
6400,3
6409,1
6798,1
764,0
768,0
6964,2
1244,3
3438,4
1770,3
5514,3
3645,3
5657,3
4257,0
2932,3
4565,1
1962,3
6892,2
2461,4
4615,1
7194,0
1920,3
6573,3
846,3
7468,3
6686,0
479,0
359,1
3392,1
4762,0
7195,3
4708,3
6548,1
85,2
5601,1
6722,1
6297,0
951,2
1291,0
2043,0
4897,3
2855,1
532,3
4848,4
663,1
3541,3
3052,3
1270,0
294,0
5618,1
4507,1
3907,1
597,0
659,0
7583,3
4789,1
6880,0
352,3
4995,1
2742,0
5214,3
6218,4
3696,1
3035,0
6592,0
5026,1
2502,1
3786,2
5714,0
5668,0
33,1
4261,0
107,0
1647,3
4525,4
6682,3
4215,3
4953,0
6720,0
3569,1
3191,3
7205,4
2254,1
2206,1
4075,3
2944,3
5440,4
4869,3
7511,4
883,1
2262,3
6144,0
6382,3
21,1
1273,2
3611,1
408,1
550,0
6305,4
1439,3
1996,0
2221,3
1720,1
6503,3
2767,0
5721,4
422,3
5788,2
3607,1
5005,1
869,3
4547,0
4678,3
7165,3
2665,4
6552,3
223,3
6636,0
5293,0
63,4
7592,3
5218,3
2923,4
3440,3
501,4
1800,4
3241,2
2480,1
1649,0
4122,3
6996,3
1468,3
1934,4
5131,0
4564,0
4870,0
5372,3
3155,3
27,3
4842,3
823,0
5868,3
7127,3
1498,0
7467,3
5631,3
1055,4
2609,3
3063,1
6842,0
6857,3
171,3
2906,4
4060,1
3851,4
5871,0
5401,0
6067,4
6430,4
4282,2
4137,1
5436,1
3783,4
4761,3
5194,4
4349,0
3447,1
5036,0
1575,3
1307,0
2222,3
6835,3
6519,3
4705,0
1615,3
7030,2
1877,0
5851,2
6881,3
498,1
4715,1
259,1
5459,3
103,4
4502,3
6225,0
507,0
816,3
4236,4
5909,0
4779,4
2169,0
5268,0
2091,0
7410,1
5606,1
3243,3
1023,1
5116,3
792,0
4074,0
1520,3
4320,3
4846,3
3533,2
6391,3
1317,3
4505,4
731,4
3832,0
3005,4
2708,3
2673,3
2568,3
3808,1
4369,3
3648,2
2474,0
3160,4
4910,0
2038,0
5223,4
88,0
291,1
1139,0
152,4
6708,1
1120,3
6004,1
1063,3
2237,0
6856,3
271,3
4988,1
5057,0
5730,3
3888,3
7443,3
4768,3
1456,4
3713,4
7159,0
3898,0
395,0
5583,3
67,3
4253,4
4363,3
6942,3
7016,2
5418,4
6162,2
1646,4
409,3
4143,0
3671,0
2276,4
5782,4
7428,1
4408,2
6668,0
4358,2
1212,4
1297,4
5660,1
2205,3
6778,3
1927,0
4232,0
5562,1
1009,1
170,4
3409,2
442,1
5813,3
6631,3
5865,3
1204,0
4690,3
6714,3
6375,0
1387,0
627,0
3880,0
6754,3
5745,4
7530,2
60,3
6179,1
2227,3
6867,1
1127,4
7234,0
4160,1
1411,0
5077,2
426,3
5750,0
6847,1
10,0
6802,1
1157,1
5850,0
5538,1
4209,3
4224,3
150,0
1134,4
6063,0
6260,1
292,3
4243,3
6034,1
2192,3
2307,1
4483,2
1448,4
6339,3
4802,1
3183,4
2208,2
2201,3
4719,3
635,0
2370,3
5475,3
1493,3
6538,0
1598,3
7426,1
7172,1
2481,4
957,0
6178,4
7057,3
6894,4
6827,4
5564,0
3909,3
6284,3
7541,0
137,4
655,3
1015,3
4637,3
3007,2
6789,0
954,0
7446,1
1316,3
1997,3
1256,2
5738,3
4490,1
5640,3
7077,3
5009,3
3139,3
4845,2
4375,0
6328,0
1431,3
5899,3
5157,3
7366,3
6718,1
6481,3
1289,4
3193,1
3257,3
7049,4
4,3
2156,3
478,3
3815,1
1281,3
2129,1
7220,3
7554,1
2487,1
3319,0
1676,4
2158,3
700,3
2547,2
7404,4
1471,0
667,4
2124,0
656,0
7017,2
1596,0
4238,0
3842,1
5854,0
5445,3
4605,3
4533,3
3278,4
109,3
813,0
4240,3
3329,0
2203,1
2434,0
2903,4
2405,1
556,4
5627,3
116,3
5555,4
2655,4
3123,1
1685,4
2619,3
698,3
3480,3
4780,4
6891,4
5072,0
3101,0
1763,2
5112,1
2277,1
5435,3
1486,0
755,2
7053,3
3674,4
1116,3
1274,3
5925,3
7370,1
7461,4
1413,4
272,3
1643,3
6262,1
4612,1
1909,0
3835,2
6826,3
1613,1
1284,2
3471,4
2220,3
500,0
1714,0
3693,3
7185,3
6562,1
7071,1
2701,0
3830,4
4734,3
4484,4
5180,1
3109,1
6958,3
2085,3
2209,4
1911,1
7284,3
519,3
3932,3
4811,0
5947,4
6206,3
4479,4
2820,3
5650,4
527,3
5374,3
1953,1
1000,3
796,3
3251,3
3387,1
1923,1
7308,3
7327,3
1921,4
1444,3
2833,3
3366,3
4892,0
1504,3
1691,3
7357,4
559,3
733,0
4931,1
6858,3
3965,3
5097,4
3173,3
4069,3
1268,2
6472,3
5070,0
1876,4
4019,0
2498,1
4723,3
5114,3
2097,0
2971,4
1946,3
3827,1
3814,2
4056,3
4699,2
4728,3
5065,3
975,2
6,3
3110,3
243,2
1112,2
614,3
6022,3
413,0
2087,3
4549,3
5894,0
333,1
3336,3
1555,2
3417,0
2590,1
4465,3
1993,1
1786,3
6325,0
2200,3
1488,3
274,3
6347,1
5303,3
7298,4
4805,4
6349,0
14,0
6447,2
1975,4
694,3
6338,0
3666,1
2777,1
5624,0
6317,3
712,4
4672,4
1184,1
3043,4
6360,0
987,0
485,4
1889,0
854,3
4592,3
3062,4
3514,3
6554,3
4764,3
2762,1
632,3
2540,0
1327,4
7588,3
3058,0
5363,3
2551,3
5870,3
2809,1
5340,3
6694,3
1355,4
7022,4
6737,4
4875,3
3894,1
2812,3
6735,2
4212,2
1956,0
3677,0
2988,3
3649,3
3680,3
207,0
5970,3
6357,2
5232,1
1693,2
6192,3
7210,3
4980,4
6498,1
6726,4
864,0
364,0
7510,3
124,1
4844,3
454,4
4966,3
1423,4
4326,1
380,4
7033,0
6912,3
3458,1
3609,1
4198,2
1811,3
1890,3
7146,3
3549,4
7102,1
3843,3
1821,0
4170,3
1290,4
970,0
3708,3
4084,4
1053,3
5986,0
7413,0
4689,4
3461,0
4510,0
2995,2
6900,3
1506,3
1088,2
981,3
5027,0
5064,3
960,2
168,3
7320,3
5113,3
1586,4
5371,3
5510,4
4389,2
725,4
6186,1
4381,3
2771,0
5810,3
1660,1
6841,3
3964,4
5172,0
1001,0
6525,3
5996,3
4840,3
5390,4
2582,4
1389,3
2798,1
218,3
6368,2
3566,1
2275,1
1872,1
645,3
1361,3
1805,3
776,0
3197,0
7356,3
4452,3
5785,4
4618,4
2861,3
3015,0
688,2
3445,3
7097,4
1018,3
946,1
6977,3
1951,0
7015,3
3405,0
3317,0
3741,3
911,3
7223,4
6131,3
743,0
3106,0
6556,3
1747,4
5144,4
940,3
639,3
2672,4
5250,0
4325,4
3448,3
7292,1
2036,3
1366,4
5883,0
1541,1
5505,3
3931,3
6586,1
5397,3
752,3
2662,3
3970,3
4298,0
4120,3
1057,3
4012,4
6797,4
5360,1
7360,4
5915,0
1624,3
3190,2
4902,3
1960,4
6136,1
1344,1
646,0
4711,3
7427,4
4116,4
2887,1
6127,3
1090,3
7476,1
2596,1
6021,3
361,4
2623,0
2972,3
376,0
6888,3
5309,0
345,2
154,1
4985,3
1961,3
5096,4
6782,3
937,0
2729,3
4883,2
2121,0
6909,3
4786,1
7269,4
5014,3
7073,1
4841,3
7421,1
3885,0
4604,4
6088,0
1704,1
3152,4
5862,3
620,3
4973,3
6968,4
3268,3
3210,4
1147,1
4857,4
324,4
5042,2
6486,3
3892,1
710,4
2136,4
4630,1
3391,3
1049,2
3567,0
5525,0
6000,3
3347,0
6533,2
6617,3
6336,3
5987,4
5321,4
2133,0
2068,4
5769,3
3561,4
3823,3
4417,3
1449,3
7136,3
2716,3
5682,3
5461,4
7440,0
867,3
7040,3
6515,1
371,3
7109,2
5176,4
4683,3
6107,4
2240,4
3635,0
6404,1
6223,3
7156,3
5702,4
1739,3
3846,0
6381,3
683,1
3988,0
423,0
1743,3
1329,0
5727,3
7091,3
5857,1
744,4
3993,4
6915,4
7430,3
446,3
6444,3
3033,4
6319,3
4077,3
564,3
5275,0
6082,1
4135,1
1293,2
1264,3
1908,1
4328,4
5897,3
2714,2
2157,3
1108,4
3416,3
6154,4
5322,3
6994,3
1622,3
4233,3
4766,3
5647,0
3562,3
6354,4
4624,1
6717,1
4372,1
2066,4
4987,1
2571,1
673,3
1930,4
6768,3
1567,0
2404,1
334,3
481,0
1560,4
2369,3
20,3
922,3
3010,1
1845,3
492,2
3805,3
4641,4
4353,3
4668,3
5859,1
325,3
7401,3
6669,0
5623,4
2605,3
5229,3
5102,3
353,2
878,4
6873,3
722,2
6168,0
469,1
2297,3
7101,3
4687,0
1849,1
2986,4
5801,3
3180,2
4656,4
99,3
6180,0
3073,2
4311,4
3665,3
3159,3
3941,0
38,4
6532,1
5838,3
2371,3
396,3
121,3
1562,0
6147,4
6219,1
1189,2
7380,0
3267,4
5839,4
7373,4
7023,4
2149,1
4745,1
6911,3
1835,0
1197,2
965,0
1074,2
6352,2
6579,3
106,0
1410,2
2210,4
6780,4
4190,3
5405,3
4523,1
5518,1
1966,3
5100,0
6106,2
5531,3
4418,3
1637,3
647,3
5519,1
4501,3
4859,1
1633,3
4499,0
6790,0
2807,0
907,4
6783,0
866,3
1767,3
5130,3
417,3
2114,2
543,3
5919,3
3767,3
3999,3
7252,3
7118,1
6125,3
3558,3
6163,0
1221,1
92,3
7344,0
4851,3
6830,3
693,4
5595,1
7487,4
691,1
3032,1
590,1
1153,2
7050,3
4621,3
1016,0
1102,4
721,3
2959,3
5767,0
440,3
558,3
7042,4
2828,4
4397,3
3506,4
5437,3
5454,1
3279,3
617,4
145,2
843,4
7424,3
4967,3
4378,0
5004,4
3513,1
6775,4
2704,3
6307,4
3374,1
3133,0
5639,0
1717,3
2080,4
244,1
5494,1
3991,1
2119,0
3418,0
3600,0
1669,1
5184,3
4788,3
1406,3
819,4
4746,3
953,3
6304,0
2389,2
2505,0
104,3
2040,3
5560,4
2344,1
3642,3
2356,1
1873,4
4332,0
3807,3
5993,4
6007,4
2515,3
4856,1
3839,1
3925,1
6837,1
2748,0
2394,3
3950,0
4350,1
7535,3
1027,3
3348,1
1888,4
2132,4
4352,4
2860,3
737,1
5242,2
2552,3
6148,2
2314,1
4934,3
704,3
2219,1
5663,3
4166,1
6627,3
7359,0
165,3
6542,4
2937,3
1430,4
3661,3
5760,3
4278,2
4693,4
4901,1
1085,1
4134,0
3061,3
6667,1
6470,4
1682,1
5092,3
2430,1
6750,3
5697,1
1525,3
1965,0
3982,1
4107,0
6427,1
4928,1
6791,1
1734,3
1851,4
7456,3
7179,0
5582,3
2482,4
4173,4
5381,1
5658,3
7394,4
7007,0
2969,3
7124,4
2471,1
4685,4
7157,3
5429,0
1654,2
3203,0
2438,1
1992,4
2300,2
5364,4
4237,4
2341,1
2039,3
4098,3
895,3
5424,0
5052,4
5032,0
5669,1
6086,3
3795,3
1490,1
1878,4
3201,2
6020,3
2334,3
268,1
4665,3
6133,0
4794,4
6746,3
2202,4
4644,1
983,3
1305,4
4581,3
4633,3
5515,4
1077,0
5820,3
7497,3
5376,1
5349,3
4750,3
4578,3
5,1
1726,3
4977,4
5856,3
1519,3
416,3
1377,1
6015,1
5569,3
2618,4
5094,3
122,0
5689,0
4686,1
5758,0
139,0
6203,1
1205,1
4032,0
5488,4
7289,4
5480,0
110,4
1583,1
5903,1
5246,1
6377,0
1626,4
3000,0
7221,0
3935,4
7565,4
5817,2
7405,0
573,3
5228,2
3739,4
748,4
6193,4
186,3
1959,0
6072,0
3659,0
182,1
6970,3
5247,4
4947,3
3762,2
2431,2
5958,3
7330,1
1294,0
6366,0
5568,0
1345,0
5935,4
3951,4
6468,4
5456,3
22,3
344,3
2322,3
3987,1
2175,4
5367,4
657,0
5413,3
1675,3
5079,3
1443,3
2998,4
4113,1
4103,0
4031,3
634,0
548,2
7358,0
6644,0
6460,3
1325,3
4489,4
5521,3
2979,3
3755,3
2524,0
5324,3
5382,1
1051,4
6308,4
2644,3
483,1
6773,4
5086,3
3194,1
1352,3
255,1
2312,0
6540,0
489,3
1099,3
5961,3
4806,3
5895,0
4010,3
6268,3
281,3
6598,3
1109,0
4770,3
6132,3
4136,0
6879,4
2458,3
2350,0
5189,1
3787,1
3658,1
57,0
6466,4
6187,3
4602,3
2763,0
203,4
3617,2
2626,4
1557,3
4835,3
80,0
6997,3
4816,3
6725,1
2816,4
2597,1
2282,3
3384,4
2758,3
1774,3
297,3
4803,4
6477,3
1974,3
5115,3
4819,1
6161,0
2699,2
7475,2
4824,4
535,3
5963,3
6995,3
465,0
4975,4
235,3
1103,3
3259,3
3714,0
5787,1
1696,3
5067,1
6973,0
3130,1
1149,1
4796,3
2667,1
3322,3
6632,3
4680,4
6921,3
794,1
5852,0
4002,3
6721,0
4609,3
1210,1
1591,3
6932,3
2574,2
6619,3
5124,3
6041,3
2225,1
100,1
4591,1
3542,4
6622,0
6865,3
3104,1
6117,3
4650,1
5110,1
1773,3
560,0
3344,4
2400,3
450,0
1278,3
5814,3
4613,3
4396,0
5095,3
3441,4
1005,3
3012,3
6751,3
7228,3
7332,4
66,4
5956,2
1136,3
4271,1
6595,2
5501,1
128,3
3045,1
4305,0
504,4
6505,1
5615,4
3486,0
4163,4
4858,3
7549,2
2027,0
6695,3
2025,3
5190,4
6213,1
2031,3
2832,0
3725,3
360,0
2106,2
2099,2
7429,0
3205,3
3488,1
5581,1
1514,3
475,3
2962,2
7539,2
2015,0
3606,4
5259,3
1473,2
3495,3
3469,4
6510,3
3726,0
2159,3
2946,1
4158,3
2897,4
2181,4
5425,3
7516,4
6660,0
7115,0
6728,4
732,0
5071,3
1091,3
6765,3
202,3
1688,3
1910,3
3295,1
1556,3
2952,4
6012,3
6024,0
3096,0
3489,3
3089,1
3321,4
4222,2
3902,0
6247,3
2244,1
3082,0
5391,3
1194,4
7278,3
3196,0
6565,3
176,3
3126,4
6520,3
977,2
4497,1
855,1
1500,1
7080,3
7305,1
4470,1
7434,4
6439,3
1822,3
1054,4
49,0
5733,3
7200,4
5716,0
5802,3
2512,1
4082,1
5464,0
1295,4
4920,4
4037,3
6517,4
2148,3
2366,4
4040,2
1861,3
2145,2
2865,4
938,0
6001,3
4020,2
4632,0
727,3
1402,3
6605,1
7576,0
1733,1
3249,0
6453,3
3657,0
992,4
4491,4
5316,4
4284,3
1648,2
5939,4
5992,3
7304,1
6459,2
1363,4
7431,0
4642,0
4097,3
2171,4
3803,3
5342,2
3355,3
1076,3
7352,4
3519,4
7568,1
1140,3
4110,0
468,3
7319,3
329,4
5230,4
5743,3
3027,3
4292,1
961,3
3998,4
6405,3
5529,0
3831,2
4366,1
5509,0
6626,3
5426,0
1059,3
2611,3
130,1
1259,3
3443,3
4115,3
3265,3
3472,0
4682,0
3234,4
2029,1
7537,1
4535,3
190,0
7445,3
3009,3
7212,3
6489,4
6824,0
5860,3
6913,0
6273,1
5749,4
2115,4
4732,3
142,0
2296,4
2658,4
5841,3
3175,3
5578,0
611,3
3857,3
3746,1
6536,2
685,1
1564,3
90,0
3487,4
3275,3
5122,3
5410,3
5688,0
5954,0
402,4
2289,1
949,4
6099,3
5616,2
2078,0
5294,2
1853,0
6090,4
2485,3
5670,1
4228,3
2599,3
6698,1
2376,4
4698,0
7574,4
6566,3
7233,0
4707,4
5700,3
4316,3
3272,1
1302,4
3178,1
2026,3
5690,0
1886,4
1837,0
1846,0
1719,1
7066,0
4419,0
2559,0
6196,4
1887,4
3668,2
5602,4
6490,0
6302,1
2184,3
3100,3
5541,3
148,3
3383,3
3172,3
6334,3
6204,3
882,3
1391,3
3768,3
403,4
1915,4
7558,0
3134,3
6843,3
5255,3
7112,3
4759,0
2815,3
6143,3
6370,3
5159,3
1984,3
4936,3
5789,3
282,3
1836,3
4044,3
285,3
4383,1
1587,4
6130,0
1590,1
1839,1
5630,1
3424,3
1234,3
4427,4
31,0
5276,0
2317,4
1429,3
2589,4
6528,4
7026,2
592,4
1612,3
7086,3
473,3
4864,3
1600,3
5074,3
6890,3
5674,1
82,3
3070,0
6516,3
2286,3
2218,1
2326,3
6176,4
1034,3
739,2
1168,4
2993,3
7545,3
1104,3
240,0
4281,4
2331,1
5388,3
6073,1
2739,3
2664,0
7587,3
2110,1
7419,3
1253,0
4622,1
6926,3
6543,1
7578,0
7555,3
2581,2
5728,4
6567,3
1404,1
5774,1
880,3
4132,4
3093,1
3859,3
3788,0
238,3
7520,4
3949,4
2649,0
2553,3
4014,3
6719,3
4636,4
5407,2
826,1
1798,1
6085,1
1261,4
1031,4
2006,3
3939,3
6031,3
4114,1
3745,3
5527,1
3530,4
7036,3
5731,1
15,1
4162,0
1401,4
4149,0
5922,0
5779,4
394,4
5981,3
4086,4
2053,3
516,0
6689,4
3085,3
3761,3
6314,3
3102,1
6115,1
5901,0
1769,4
5361,4
3449,0
7094,3
5951,1
896,4
5590,0
4239,3
5512,3
5892,3
289,3
1187,3
6330,1
555,0
3280,2
5404,3
7307,3
4140,0
1917,0
2843,3
4724,3
7137,3
837,0
4178,0
370,2
6666,3
6184,3
3593,0
6589,0
913,4
5881,3
728,0
2921,4
1585,3
1115,4
2719,3
5667,3
4207,2
1561,0
2550,3
5458,4
2780,1
1532,3
7261,4
757,0
7383,4
6974,4
7125,0
3940,3
7418,3
2374,3
3218,3
4067,3
7368,3
2889,2
1813,3
1013,4
2338,1
7129,3
5060,1
1979,3
3920,3
1459,1
1852,4
787,4
6215,2
666,4
7322,0
3622,1
1135,0
6320,1
2803,1
3415,1
3404,0
1943,4
157,3
4196,2
1025,2
5840,3
6269,3
5573,3
2215,1
4986,3
2444,3
3624,3
378,3
1801,3
2510,1
2319,3
4645,3
1607,1
3711,1
1708,1
5089,4
3403,3
336,3
1754,3
542,3
3421,4
3837,1
140,2
7230,4
4095,0
3463,3
1768,0
3169,1
4407,3
389,3
824,1
2077,3
1041,4
169,1
43,0
6807,3
5403,0
3516,4
2533,4
801,3
7227,3
6252,3
7407,1
6346,1
419,2
2135,1
1060,4
3001,3
4351,0
260,0
4679,3
3735,0
2292,4
2214,0
339,3
5008,4
3396,1
6526,1
3620,1
783,1
767,4
4617,1
1692,3
3208,4
6199,3
4954,3
887,0
4926,0
491,3
1186,4
5962,3
4894,3
1238,3
1904,0
561,3
4244,1
3164,0
6390,1
232,0
1215,0
2888,3
5528,3
1985,1
6049,3
3527,1
2715,3
5567,3
2641,4
933,1
7589,3
6270,1
5940,0
6112,3
3299,4
5044,3
4543,0
4821,2
650,3
1672,2
544,3
2572,0
2648,4
2491,2
173,1
4572,4
4306,2
2308,3
256,4
7375,4
430,3
6784,2
5932,1
4289,0
4388,3
4211,3
7571,3
6182,0
6645,3
5594,1
5211,4
529,3
6982,2
7485,3
5314,1
2827,0
820,0
2895,3
6306,1
6893,4
4157,0
1576,3
6659,4
4247,0
6862,3
3124,3
7597,1
3618,0
1383,2
2592,4
2457,4
2774,2
1133,3
4344,4
745,3
4498,3
3923,3
6415,3
4449,4
5943,3
4073,3
6988,3
1593,3
3233,4
3927,3
5534,4
3512,3
7271,3
5216,1
762,1
781,4
2177,3
1348,0
817,0
6601,0
785,4
2,4
6316,4
7384,2
4459,3
6464,3
3869,4
7595,0
113,4
6833,3
5824,4
2725,3
1170,0
2196,4
1421,3
2197,4
4941,4
7192,3
6549,3
1663,3
4039,0
6343,4
3216,3
865,1
7596,3
2863,3
3395,1
183,4
1929,2
2920,3
3731,3
5207,3
1330,3
317,4
4854,4
5906,3
6618,0
306,0
3681,3
870,3
5628,1
4038,0
6851,4
1759,3
3358,3
4589,3
4283,3
7297,0
5338,3
2736,1
1479,3
1783,4
3314,4
2668,3
68,4
4530,4
4370,2
5103,4
1237,3
1809,3
2612,0
5910,2
1548,3
1535,3
1942,4
6541,3
1737,4
4586,1
120,4
4673,1
5556,3
4539,3
4516,3
3305,3
2741,3
7362,4
5558,0
3147,0
5213,1
5400,0
6118,4
2484,4
6095,4
5622,2
769,3
2902,3
1495,2
604,4
1037,4
7273,0
340,3
774,4
3229,3
7425,3
7561,4
6608,3
2721,4
335,3
1983,2
5205,3
5166,4
4951,4
1008,3
2846,3
1777,1
3734,3
7492,3
4152,1
2288,3
2107,4
709,0
4793,3
4059,4
565,3
734,3
2352,4
6979,3
4822,4
7296,4
6796,4
1757,4
7249,4
2856,1
4765,4
4052,3
6094,3
387,0
6741,4
1879,3
3890,2
6690,3
7382,0
6222,3
5816,2
1169,3
247,4
833,2
227,1
5725,4
4662,4
1690,0
2799,3
4948,4
4964,3
7092,3
5557,2
1530,4
814,2
3598,3
5406,2
6766,3
6806,3
2894,0
427,3
2390,4
756,3
431,4
3037,4
2497,4
3269,4
1454,1
7470,3
5632,3
2585,3
1313,4
4930,1
1932,3
1004,4
5161,3
1608,3
225,4
1621,1
1487,3
2377,3
3020,3
7170,0
1617,0
428,3
5834,4
6089,2
1867,3
4121,3
4556,3
7518,3
2526,3
968,4
2740,1
6906,1
4272,4
6452,3
3290,3
996,1
4125,3
7067,3
4495,3
6283,4
4731,3
3,3
2691,3
793,0
2991,3
1905,0
2837,4
956,4
7286,1
258,3
1842,3
7052,3
6177,3
1463,4
2752,3
451,4
5134,4
5037,3
2451,3
3084,3
7025,3
6290,4
1611,1
3585,1
3619,4
231,3
185,2
4229,4
2640,0
2179,3
1797,4
6277,3
1780,3
637,3
871,3
2671,3
2744,4
17,1
3298,1
4943,4
3791,2
6980,3
2013,3
1991,3
2130,0
1285,3
2817,4
3523,3
6353,3
3627,3
7316,1
5720,4
3214,3
2565,0
3763,3
5587,3
2355,4
1571,3
3500,4
2466,0
5542,3
5703,3
3200,3
1469,4
3006,4
4180,1
1695,4
4176,0
6635,4
7063,3
1764,3
443,3
1257,4
6640,4
159,4
1409,4
4263,1
6387,1
3423,3
7546,3
3157,4
3699,3
3490,4
7167,4
6975,0
5443,3
4754,0
2531,1
354,1
5164,4
4048,3
3776,4
266,3
587,4
2401,1
5377,0
2416,4
759,3
4582,3
7398,4
7395,0
3897,0
4443,0
4058,4
5203,4
3947,0
1151,4
1964,4
6323,4
2847,2
2452,4
3398,4
1638,3
3690,3
3688,2
5931,0
4785,2
3943,4
2555,0
7154,0
3702,4
6639,1
4379,1
3864,4
5635,3
7455,0
1913,3
6116,0
2631,0
4337,3
7019,1
2448,3
1435,3
2787,1
234,0
770,3
5234,4
7138,4
2834,1
5221,1
5333,4
3460,3
286,2
6810,0
5270,3
4042,3
2384,0
927,4
3310,4
5503,3
4217,3
6603,4
2745,1
5902,1
945,0
4566,4
4200,1
35,3
3128,1
4105,1
5696,1
3754,4
741,2
2607,3
6989,1
1542,0
119,3
6380,1
3906,0
4717,3
4837,4
1373,3
3146,0
4598,4
3938,0
2718,1
5046,3
2625,1
2558,4
6963,3
4387,1
708,3
1216,3
1799,4
2890,3
313,0
6901,0
3481,3
3342,2
5430,0
7160,0
3252,4
3189,1
5654,3
4295,4
7014,3
4478,4
5995,2
1040,0
690,3
4473,4
6315,0
2316,2
6342,1
200,4
4412,0
5759,3
5482,0
5918,1
1529,3
1697,3
7291,0
7406,0
1856,3
3064,1
5888,0
665,0
2784,2
7070,3
6241,2
5664,3
3526,3
3878,3
3915,3
2542,3
5636,4
2104,0
591,4
5889,4
4600,4
6687,1
6625,0
2428,0
2455,0
4808,4
1936,3
2627,0
5989,3
6237,3
5396,2
5329,0
2041,1
2354,3
2003,1
3453,0
5251,1
5135,1
7193,3
1698,4
1440,3
5540,3
7325,3
2351,3
5261,4
753,3
262,4
6504,3
540,3
5952,3
4142,3
2328,4
3800,0
3468,0
126,3
5778,1
6920,4
2910,2
2628,3
5193,2
4330,3
761,1
4810,3
5295,0
1565,4
3969,3
5934,3
6345,4
6684,2
6058,4
4371,0
2983,4
2385,1
3232,3
7371,3
3660,4
410,3
1061,4
4403,2
2603,4
3053,3
7141,4
2464,1
6688,4
7144,0
5197,4
7438,1
832,2
4364,0
7519,4
3041,1
6384,3
5666,0
2564,2
6569,2
3204,3
2857,1
7257,3
3312,0
2791,4
5498,3
2761,1
580,4
3770,3
3871,3
5091,4
3065,4
1171,4
5613,3
1640,1
4041,4
2577,4
77,3
6313,2
930,3
1160,1
6961,4
4313,3
6129,1
2347,4
3535,4
5066,1
6588,3
5872,1
554,3
4251,2
6621,3
1521,0
5204,4
4269,1
1791,1
4596,3
3008,0
5561,0
1971,4
6425,3
6779,0
1441,1
5634,4
1884,4
1869,4
3773,4
2947,0
7599,4
1299,4
3662,2
4072,3
4235,2
6238,3
5908,2
6950,3
6902,3
778,0
570,3
5916,1
363,1
5158,0
4560,3
1718,0
2309,3
2831,1
1577,3
2830,0
6628,3
367,1
1367,3
1950,4
6120,3
1033,4
3599,4
2460,1
2251,0
4886,1
4246,3
7363,1
6859,4
4611,4
586,4
2122,4
5953,3
4912,4
7011,3
1656,2
5646,4
3245,3
6832,3
936,4
3223,0
1941,4
214,4
2332,1
918,3
4667,1
338,3
4738,4
2549,3
2796,0
3114,3
3672,3
3451,1
4205,4
5599,0
4938,0
3129,3
6386,2
6656,4
3613,3
7180,3
5791,4
3641,4
373,1
3226,3
5386,0
318,0
2368,1
3377,1
7381,0
2016,0
3604,0
1725,2
2521,1
7577,2
6371,1
7482,3
2841,3
1343,3
3158,2
5974,4
2048,2
5576,0
5258,3
1141,3
5656,3
5167,3
84,4
2882,4
1097,1
6096,0
822,2
1258,1
7043,3
4036,1
5137,3
3899,3
1262,3
2866,1
904,1
1390,3
4432,3
5845,4
5579,4
3211,3
2445,3
3861,4
4871,4
6574,3
3586,2
5133,3
7563,3
7283,0
872,3
1310,3
6767,0
3209,3
7569,3
1335,3
5790,3
4390,1
6309,3
467,4
3508,3
5195,3
2493,3
3306,1
6155,0
1928,4
605,2
2795,3
2340,3
5254,4
1866,1
6445,3
4529,0
5192,3
332,3
2717,3
374,3
6119,4
4890,4
2450,1
3730,1
6150,4
4111,3
1360,1
3911,3
2033,3
2030,0
3432,4
4599,3
1173,3
6261,3
3874,0
7580,2
6416,0
382,1
6829,3
2193,1
7058,4
5128,2
3663,4
3351,3
1820,1
3847,1
3900,4
6848,1
5649,4
803,3
4199,3
5502,1
1174,0
3855,4
2759,3
3626,3
1003,3
2393,3
3359,0
2813,4
2164,3
5423,3
684,0
919,3
910,4
3966,0
1790,4
2536,3
3311,3
5427,0
2566,4
3328,4
3499,0
7572,2
2440,3
5585,4
5988,0
2446,4
457,3
3644,4
2049,4
802,2
5466,4
671,3
1021,4
2785,3
4593,3
7480,3
4927,0
1980,3
3557,0
7181,2
384,3
4998,2
3094,3
4454,3
2044,4
4861,4
2476,1
3539,4
6946,3
6289,4
5537,4
1569,4
2933,4
4684,2
4634,1
5832,3
7098,3
3886,3
6853,3
6056,1
3596,1
2896,3
4225,1
631,0
2117,3
275,0
64,0
5707,3
2072,1
2945,3
3097,3
4590,4
1933,3
3858,3
4653,3
4404,2
901,3
3477,1
1664,1
4202,1
1581,3
3331,4
894,3
73,3
2981,2
3537,3
4102,4
1150,1
346,3
2765,2
3112,3
3161,0
484,4
948,3
1512,3
2060,3
6546,4
5126,3
1225,1
2696,4
3679,3
1969,4
5208,4
644,3
3667,2
4557,4
138,1
4144,3
3962,2
439,4
5685,4
909,3
435,4
187,4
5256,1
4286,4
2669,4
4725,1
0,4
6512,4
6803,3
7201,0
2867,3
3118,3
2343,2
4022,0
6080,3
5287,0
1999,3
6638,3
4340,2
5544,3
6137,3
5269,3
283,3
199,2
695,3
772,1
4772,3
4017,3
6047,3
3291,4
5238,3
5471,4
5330,4
6046,3
7024,2
1619,1
2951,0
5665,3
5570,4
2639,1
3354,4
61,3
3260,4
7076,0
5835,4
5516,3
5237,3
920,0
6947,4
2523,2
1478,3
4579,1
6234,3
1553,3
3297,4
4823,4
6683,1
4658,3
7204,3
4169,3
2321,3
476,4
7031,3
1968,0
2928,3
191,4
5472,1
4804,3
2806,3
4595,0
146,3
3868,3
2089,3
470,3
3400,3
2535,2
5766,3
4940,3
6002,4
2965,3
603,3
6854,3
1484,3
1533,3
1539,3
6103,4
2100,3
2014,4
2425,4
5431,4
839,0
3979,3
2868,4
3737,4
6231,2
1292,0
5997,0
3771,1
3919,1
2363,3
6585,3
5747,3
2111,3
7288,3
2980,0
518,3
1044,3
1658,4
6075,2
5477,2
6282,3
2083,3
2007,3
4266,4
1573,0
2835,4
6716,4
5170,3
1833,1
102,0
1746,3
1069,4
6584,1
7251,0
2936,3
4130,0
305,4
7515,4
1,3
1353,3
2666,3
1502,1
2211,2
48,3
5263,0
1988,0
1298,1
856,1
512,3
4838,4
3077,4
5937,4
174,3
6171,4
2055,0
6733,3
3049,1
2912,1
1026,4
5357,3
4696,2
69,4
2985,3
3003,1
5530,3
4608,4
5513,3
5878,3
5681,3
1558,3
5174,3
3812,4
7328,1
2876,4
5049,3
4748,1
7324,0
2284,4
3113,0
6781,4
7527,0
5891,4
3119,1
6770,2
4189,3
1566,3
6413,3
3021,1
7417,2
3393,4
2155,3
6245,4
6053,3
6389,3
1217,3
3700,4
459,4
4882,4
7403,3
2138,3
2632,3
1827,3
3151,0
503,0
3004,4
3521,4
3276,1
4384,0
6102,2
2973,3
5001,4
4208,0
2942,1
5990,3
2908,3
686,3
2293,0
7294,0
7147,1
1218,2
6494,1
4265,0
3769,0
2608,1
1306,3
1957,0
304,3
1164,4
6055,4
201,0
2005,4
3684,3
1416,3
5497,3
7499,0
7513,0
2511,4
3485,4
7105,0
4025,4
4421,1
2447,3
3732,4
3013,3
1126,3
2462,4
6967,3
3318,4
5971,0
1894,3
7145,4
1118,3
1396,0
4873,4
1271,3
358,4
3797,4
2417,3
3333,2
2922,3
217,3
2630,3
1945,3
5319,1
3074,2
6491,4
4820,4
5041,3
3799,4
3821,3
3150,1
1679,3
5847,4
5120,2
3185,4
7474,0
6274,0
2886,1
2335,1
2738,3
348,3
1723,3
1276,3
4932,3
230,0
320,4
1721,3
2051,0
377,1
2613,0
251,3
6318,0
3833,3
5927,1
2686,4
196,4
7502,3
4431,1
2185,0
2499,4
7119,3
5890,4
2520,4
4336,3
6407,3
44,3
3399,2
1370,4
6923,1
5462,3
2881,0
3877,4
584,3
1148,2
4357,3
1427,4
3108,0
2735,2
829,3
74,3
7504,2
94,3
326,1
1105,3
7338,3
6952,3
5244,1
682,3
1782,3
6124,2
3323,0
3281,0
2891,3
973,3
6678,4
5717,3
5153,4
1604,0
400,3
1394,4
393,0
5607,4
4156,0
3363,1
429,0
4104,3
600,4
6820,4
3956,4
2975,4
3529,0
2851,0
1418,4
7074,0
3685,3
4970,3
4817,3
3836,4
1881,0
2595,3
7462,4
6209,4
4221,3
5370,3
6156,1
1156,3
6534,1
4450,1
5323,3
2764,2
7494,4
1499,3
4003,4
5257,4
3411,3
6288,2
5692,1
5473,1
726,3
2228,2
2306,2
5040,3
6927,4
216,4
6831,3
1376,4
2123,1
7579,4
143,3
257,3
5773,3
2199,4
3024,4
1080,3
2853,3
1775,2
3563,3
3476,3
7503,3
315,3
1751,3
4262,0
5017,1
873,4
7176,3
6727,0
3655,4
2426,1
7256,4
935,4
1318,4
5858,0
5202,4
797,4
5317,3
6151,3
444,3
2190,3
1952,1
2731,4
2984,3
7143,4
4981,4
7260,1
6449,3
2160,4
7041,4
3765,4
622,4
1248,4
2793,3
5575,3
879,3
1729,1
6081,3
4694,0
902,3
6732,4
5912,4
135,4
3986,3
5416,3
7469,1
6704,3
2840,3
7232,4
7038,4
2642,3
1748,3
7420,4
5411,3
3098,3
5449,0
3520,3
6451,3
3750,3
42,3
2873,3
861,3
3264,1
2065,0
2852,3
4401,0
2357,4
7258,3
2291,3
3067,3
3867,3
6433,4
1163,3
3394,0
6443,0
493,3
3163,4
2929,4
3536,3
7103,0
1464,3
3913,1
2242,2
2990,3
4881,0
740,2
5380,1
6018,1
4815,3
3116,0
2957,0
6332,3
6212,3
6809,2
6960,3
2724,4
3503,4
2092,3
6190,3
6300,3
6194,0
1130,4
7003,0
3493,1
4971,4
1125,4
6711,3
3034,3
5511,3
7540,3
1518,1
1606,1
2141,3
2768,3
6098,2
4015,4
2418,1
2161,3
7505,4
3946,1
7133,3
3195,3
4213,4
720,0
2392,0
1425,4
2152,1
1213,4
1158,4
3636,3
3996,2
1681,1
4216,3
1188,0
5069,3
7432,3
7314,3
2140,3
1007,0
3425,0
5210,3
7244,3
81,3
6258,3
1582,1
3538,4
2454,4
6128,4
4706,0
513,3
5373,4
3224,3
4640,4
2469,4
4568,4
5051,4
6875,4
2494,0
6266,3
6291,2
424,0
6758,3
668,3
6077,1
6051,0
5245,0
5967,3
5517,3
253,4
3470,4
6551,3
6385,3
7293,4
105,4
5633,1
4260,3
192,3
6240,1
7268,3
3138,3
6348,4
5283,2
3483,3
2281,3
3235,0
6421,3
1415,4
3580,3
6362,1
6029,4
4317,3
4625,1
3525,4
6641,3
2570,3
1795,3
7309,3
6437,1
224,3
4712,3
4112,3
881,1
1172,3
6955,1
1981,1
3603,4
3069,3
2875,4
1277,3
5199,3
654,4
6395,2
1645,1
1572,2
356,0
3905,3
6158,3
4380,0
5002,4
4933,3
3072,1
1925,3
1182,3
6027,4
2677,0
303,3
4409,3
5225,3
6740,3
5800,0
2413,1
1301,3
2088,3
3165,3
490,3
5994,0
1527,1
3722,3
5007,0
6324,0
1840,3
2359,0
3794,3
6414,3
3307,1
4896,3
3122,4
7059,4
7216,3
6935,3
5655,4
4164,3
2248,3
1868,3
56,0
2548,3
3088,3
853,3
5056,3
1706,4
2070,0
3137,0
3002,3
5904,4
6149,3
2410,2
517,4
6071,3
4623,3
6944,0
4096,3
2496,3
5926,3
4457,3
3501,3
3334,4
967,3
1207,3
5506,3
3262,4
875,0
6962,3
2637,0
2755,0
2399,2
5819,1
4428,0
6264,1
4076,0
4545,3
5980,4
6934,3
4903,1
3464,0
4026,1
1017,3
5031,3
5087,0
1893,3
2757,4
1838,4
1686,0
357,3
6654,4
524,3
5708,3
4984,3
2685,3
5260,3
397,2
1588,3
7528,3
5272,3
4264,3
4659,4
1496,3
6521,3
407,3
5061,3
5441,0
2598,4
6908,3
4400,2
971,3
3372,3
5266,1
4569,3
2624,1
5311,3
6114,4
2380,3
7191,3
2419,3
6310,2
6500,4
6242,3
1381,3
37,1
3345,1
1579,3
1358,4
1899,3
551,0
5039,1
2885,1
4191,0
717,2
4194,3
26,4
4165,3
6356,4
6701,0
3705,4
6969,0
7114,2
3352,4
4482,3
5273,3
3974,4
4944,3
1095,3
4610,2
6420,4
7196,3
3810,2
3605,1
6815,0
571,4
4597,4
4256,3
7006,4
6800,3
2569,2
1447,3
6624,3
884,4
7188,4
411,2
4314,3
1766,4
5713,3
5687,3
6033,3
2116,4
2712,3
3849,2
5739,0
4674,0
984,0
2459,1
669,0
7215,3
6292,3
1036,3
3518,0
4451,4
6925,3
575,3
3712,1
6331,3
1466,4
6207,3
3504,3
4147,3
6159,4
4812,3
1144,4
1369,1
2907,4
5757,4
111,4
7590,0
6350,0
1738,3
7186,4
3809,1
6030,3
2805,3
3968,1
3346,4
3774,4
197,1
75,3
6647,3
6691,3
2545,3
3221,3
508,3
6467,0
5011,4
857,3
4915,3
5093,3
4128,2
2320,3
1362,3
6634,4
4356,4
4047,3
4394,4
4109,4
4053,0
7490,1
1982,4
6918,3
4735,3
1744,4
4570,4
95,3
4544,0
239,3
3973,4
1636,4
3375,4
7311,3
3564,3
3255,3
2770,3
6547,4
2176,0
1977,3
2079,3
233,1
5923,4
2858,1
108,1
1337,4
5034,3
790,4
2246,2
162,3
3676,3
806,2
1857,3
3643,3
1154,4
677,3
1371,2
6664,3
979,4
1146,0
5239,1
549,3
860,0
4386,2
5792,0
6038,3
3059,3
328,3
4703,4
5296,4
1970,0
3287,1
2163,3
7509,1
5846,0
4274,4
5463,2
751,4
4494,1
848,4
7242,3
6044,4
5735,0
7262,4
3466,3
2652,0
433,3
3728,4
3289,0
7453,1
6458,1
6043,3
3079,3
7376,3
1505,3
3308,3
5612,4
2692,3
7372,3
263,3
3510,1
29,4
1073,3
18,0
679,4
4730,3
7463,0
5029,3
735,3
2956,3
1368,2
5465,4
2336,1
3548,1
5676,4
4089,4
589,1
5301,3
4519,3
5206,3
5907,4
1528,3
3841,3
2578,3
6998,3
7069,1
299,3
6351,4
3505,3
6374,3
4187,4
2703,4
6991,4
1578,3
6523,4
3850,3
1445,3
7020,4
6220,0
310,4
5111,1
616,3
5062,4
5736,4
6461,4
6743,3
1336,2
7312,0
7310,4
4508,1
3370,4
1870,3
1871,3
827,3
5457,4
1214,3
1858,3
528,4
2257,3
5351,4
3212,3
2059,4
5227,4
6337,4
5799,3
3509,4
1547,3
6616,4
1727,3
4461,4
50,3
579,3
6823,3
1657,3
2802,3
3382,3
147,0
4849,4
5983,1
3971,3
3553,3
5347,4
1123,3
1405,3
2263,3
3960,4
629,2
7547,1
5478,3
3385,3
5680,3
307,3
903,0
699,2
7265,1
7414,3
4704,3
2180,3
2601,4
3772,3
276,4
7377,3
1825,3
1384,3
7560,3
4583,4
4416,1
1489,0
4150,3
2753,4
7150,4
6013,1
2804,3
3579,2
7566,4
2261,3
2084,3
6278,4
2188,1
6511,3
4990,2
6576,3
3439,3
7061,3
6602,3
2382,3
7152,4
7274,3
5393,4
4338,4
2978,4
72,3
5058,4
5704,0
2514,0
1683,3
5796,3
5848,3
2486,2
4628,4
1351,4
5417,1
2660,3
7532,3
509,4
1159,4
3687,4
804,4
2579,3
7236,4
295,4
5212,0
3017,3
5302,2
4524,2
3789,3
3051,3
4922,0
6730,0
3652,3
4669,2
4866,2
1922,4
1087,3
2529,0
615,3
2238,1
388,3
3546,4
1086,3
749,3
5075,3
1753,3
1523,3
6530,4
1817,4
7378,3
3720,3
1265,1
3220,4
2684,4
7029,3
6929,3
5201,4
6135,4
3848,3
288,1
2884,2
4587,3
4415,4
6984,3
6429,4
4929,3
3187,4
1038,3
7460,3
1071,3
863,4
5933,4
2974,4
321,4
2869,4
6838,3
4254,3
6560,3
1546,1
3338,3
3046,4
464,3
6279,4
6558,3
7379,1
4906,3
4480,3
3854,4
2475,0
6924,1
6531,3
6828,3
2256,3
1986,3
1202,1
7054,3
6173,0
2674,2
5484,2
6499,3
7266,4
1111,3
3811,4
5233,4
3206,3
6019,3
5866,3
5545,3
4186,1
1052,3
1531,0
5755,3
6822,4
2071,4
3775,4
3202,3
3825,3
4741,3
2011,3
2500,1
4433,0
1781,4
7542,4
7079,4
7506,3
3669,4
6971,3
1814,4
7581,2
6126,3
252,4
3901,4
284,4
91,3
6379,4
6591,3
3302,4
1700,0
2247,3
7369,1
1331,4
3431,4
7449,2
487,3
2295,3
5248,1
718,3
4291,0
3080,3
6064,3
3879,3
6596,3
6121,3
715,3
4839,3
2563,3
2943,3
5308,0
842,3
3552,4
3300,3
7531,3
455,3
5267,3
2575,0
3330,3
7056,3
1014,0
1048,0
7326,4
5198,4
5018,1
6153,3
5955,3
6406,3
4649,4
786,3
7218,3
2604,4
2845,3
4460,3
449,3
5876,2
7472,3
4666,3
6938,3
4514,3
4942,3
2737,0
2139,1
3608,3
7224,1
1926,3
2094,2
78,0
2465,3
5807,0
5914,4
1241,4
5753,3
7496,3
62,3
6236,4
7190,1
3479,3
6736,4
5722,3
1948,0
7458,4
2174,3
4629,3
6675,3
2557,4
6855,3
6846,4
6772,1
7557,3
1485,4
3718,3
7523,4
3682,3
2151,4
2412,4
2525,3
859,4
912,3
7341,1
3686,4
3922,3
2518,4
3583,0
2904,4
6113,4
3429,1
3683,3
3332,3
4526,4
1254,4
5695,4
495,3
6614,3
515,3
3016,3
5139,2
4800,4
7051,3
5448,4
4341,4
6032,3
6083,2
2546,1
226,1
5879,3
5783,3
3115,3
3798,4
4184,4
3356,4
1269,4
412,4
7255,4
5486,3
3692,3
2018,3
5691,3
1755,4
209,4
7231,3
4865,3
1419,4
7259,3
7072,4
5662,4
6408,3
6272,3
7000,4
7209,3
1424,0
1320,4
6957,0
2381,4
1403,3
6476,4
7120,3
480,4
5588,3
2593,4
7543,4
3467,4
4979,4
3845,3
877,3
2449,0
5140,3
5536,4
161,4
7388,4
2663,3
5050,3
3397,4
5422,3
588,3
3091,3
3315,4
4161,4
7164,3
3419,1
1222,0
3371,4
1128,4
4542,4
3959,4
4968,3
1083,3
3507,0
716,0
2938,4
4226,0
5826,3
4537,3
3142,0
2194,0
3184,3
7168,3
441,4
1503,2
1442,4
4697,4
3022,4
3912,3
1399,3
7107,4
990,3
24,4
2700,3
5282,0
2537,3
1066,4
4898,3
4402,3
4776,3
5148,3
4411,4
2754,3
205,3
522,3
34,4
3893,4
6910,3
1309,4
5608,3
47,0
5920,4
6575,3
6246,4
3459,4
6572,3
5526,3
7364,3
2146,3
4334,3
7198,3
3086,4
4718,4
4259,3
5154,3
5917,3
506,4
4021,4
7175,4
5732,1
6959,4
25,3
6478,3
6917,3
7005,1
1251,3
4331,0
6281,3
6251,3
3199,4
5592,3
6028,4
577,4
4204,4
5241,0
754,4
7391,1
7367,3
5108,3
3219,0
6369,3
5724,4
3496,4
4757,0
7514,4
5711,1
2473,4
3664,4
5877,3
4773,3
4588,3
5358,0
2023,1
6673,3
5024,3
3903,3
838,3
2073,2
4347,2
6840,4
1678,3
6657,4
5450,2
4522,4
4323,4
7346,3
1412,3
4991,4
5419,2
1200,4
7464,4
1308,4
2098,4
3261,3
6649,4
2760,3
5765,4
6606,3
1880,3
3717,4
6257,4
5706,3
5715,3
4603,3
1819,3
6483,0
4324,3
4500,4
1875,4
1938,4
4030,4
2573,3
4422,3
874,3
974,3
2634,3
7573,4
4413,3
7412,3
2844,3
3162,3
623,3
23,4
1064,2
5942,4
4301,4
4029,3
1364,0
2507,4
1722,4
4481,4
3914,3
1924,0
6793,3
4749,3
5446,1
898,3
5331,3
5929,4
2217,1
7331,1
5320,0
1374,1
5043,3
2024,4
1243,3
1106,3
4670,2
1089,0
6680,3
133,4
19,3
3955,4
1010,4
2614,3
1614,2
628,3
7111,3
3454,4
2383,2
5117,3
6493,3
534,4
7208,0
5678,3
3099,3
7444,4
3928,4
5625,3
4393,4
5063,3
4374,3
4983,3
2303,2
1342,3
914,4
4743,3
6559,3
32,3
7155,3
5610,1
6769,2
5304,3
4974,4
4477,4
5979,4
3573,3
6249,3
6105,3
1177,3
2034,4
5976,3
7466,3
2836,0
3866,4
538,3
5142,4
4992,0
1079,4
4619,0
1998,4
7130,4
552,3
4146,4
5365,4
889,4
662,2
3154,2
7226,4
5125,1
1895,1
2776,3
3574,4
1260,3
5600,3
463,3
5836,2
7507,3
2422,4
6435,2
2304,4
5384,3
5236,3
1206,2
1474,4
6931,4
5352,0
4050,0
2811,4
3747,3
2233,3
526,4
3995,4
2378,4
5479,4
6244,4
5768,3
1046,4
1312,3
779,1
5637,3
6440,3
6545,4
2556,3
640,0
474,3
5641,1
1314,2
2958,3
1885,2
2977,0
5188,4
399,4
4398,3
2442,3
5957,4
763,0
3247,0
844,3
3615,3
2678,3
6940,4
3926,4
7584,4
1235,4
7457,3
5392,0
2961,3
210,1
900,2
2327,3
4442,3
2269,4
6583,3
3144,4
4818,1
6146,3
2362,4
2002,3
1513,4
1680,3
1816,2
5886,2
6738,3
5300,4
1511,3
4919,3
2823,2
4737,1
4647,3
3689,3
1912,4
3309,0
899,4
298,3
3349,3
302,3
5565,0
1776,3
3934,3
572,3
3225,4
3222,3
3135,4
5235,0
5611,0
6553,4
1724,1
3884,0
6423,4
1806,3
4727,3
2594,3
3092,4
5764,3
4924,3
775,0
5183,3
3227,3
5344,4
5754,3
4739,3
5495,1
6039,3
7045,1
6411,3
5984,2
799,4
3473,4
3838,2
1677,0
4405,3
3698,4
6457,1
1056,3
2061,0
3623,4
4993,4
4574,4
6524,3
998,4
6916,4
7028,4
6801,4
5875,3
2654,4
2911,3
876,0
6358,3
6724,3
4701,3
2976,3
2826,4
986,3
6949,4
5150,1
204,2
5742,3
5048,0
7199,2
7134,4
766,0
6869,3
7544,3
2468,4
3055,1
5289,0
4013,4
2987,4
4090,3
4006,3
5181,0
4958,3
1437,3
1042,3
2178,3
812,4
6613,4
2775,4
1100,4
5553,4
4878,4
7032,3
2379,3
3778,3
3534,4
5777,3
1707,0
4763,1
1628,4
1758,4
4153,4
7354,4
1627,3
6597,4
6093,4
2264,3
3715,0
6361,0
3095,4
5487,0
5284,3
1392,4
5911,4
2918,3
5025,4
1420,0
1070,3
7009,0
1903,3
2850,1
3316,3
2501,3
915,1
4646,3
1477,4
1472,3
4148,2
7351,3
5811,3
1705,3
6699,3
625,3
2432,4
6456,3
4908,3
4458,4
2021,3
6293,3
7479,2
4554,3
7183,3
3616,3
1810,4
4124,3
2302,4
5991,2
5794,3
4106,4
6813,3
593,4
278,4
1304,4
375,4
5566,3
1334,4
3081,3
5156,3
1931,3
6861,3
265,0
4197,3
7253,3
689,4
4946,4
825,1
750,3
1231,0
7392,3
2050,3
596,3
6286,2
1756,3
2587,4
5552,0
7538,4
4345,3
6054,4
6948,1
5751,3
3360,4
6872,3
3381,3
5420,4
3117,4
932,3
2913,4
198,4
3422,4
3872,4
6723,0
3132,3
2173,3
3376,4
4474,4
4769,3
2488,4
3390,3
6507,3
5271,2
2064,4
6271,3
2646,0
2583,3
6941,3
6785,3
5421,0
5068,3
2274,4
1267,3
2245,4
7222,0
5648,1
7522,4
7386,0
3896,0
132,3
1220,3
3917,3
6658,3
6529,0
4385,0
4831,4
3963,3
1460,3
3578,4
1844,3
7001,1
5076,3
5178,3
76,3
672,3
835,3
2874,3
6629,4
2519,4
926,4
2695,4
6448,4
7217,4
4778,2
2893,4
7489,4
2387,4
6945,1
5085,3
2629,2
4177,3
3497,3
1092,4
3304,3
1891,4
4518,3
4151,4
5013,3
6650,1
3736,3
229,0
2694,4
65,0
5551,3
6672,3
6254,3
760,0
5474,4
6570,4
3361,4
5864,1
1823,4
1832,3
5369,3
1011,3
7493,3
3881,0
4538,4
5394,3
4441,3
1906,3
3362,4
4001,4
221,3
3977,3
1275,3
3753,0
6577,4
1902,3
3742,3
4832,4
1599,4
3889,3
1240,0
6321,3
2772,4
5399,4
4368,1
5169,3
5447,1
1436,4
438,3
2723,3
6905,3
3756,3
1347,3
2924,4
3589,4
649,4
7106,3
6715,3
4872,4
3482,1
1940,3
897,3
4299,4
2616,1
101,3
711,1
1180,3
891,3
3263,4
5452,3
4285,4
2859,4
1731,3
850,3
5885,4
2337,3
5219,3
7340,1
5698,3
3952,3
1796,3
96,1
1131,4
3556,3
477,2
6753,4
180,3
2966,0
5928,3
89,2
3341,3
1711,4
4994,4
30,0
583,1
5160,4
5343,3
618,3
4809,3
4346,4
5119,4
3614,4
6006,3
3844,4
5054,3
172,3
2915,4
7397,4
1229,3
5675,3
928,3
1117,0
7263,3
2926,3
2710,3
2453,4
1631,0
280,3
3389,3
736,3
3744,3
2968,4
758,0
2539,3
293,0
3136,3
6396,3
7317,3
6928,1
4406,3
6036,4
1245,3
4661,3
249,4
845,3
6936,3
1062,3
805,3
1580,3
486,0
6160,3
3853,4
7306,3
5499,1
1098,3
1701,3
5313,0
3695,4
5332,0
6514,3
7151,3
541,4
4515,3
405,3
5090,4
7034,2
3870,0
3254,0
1709,3
5354,4
4576,4
228,3
810,3
4744,4
7473,3
4392,0
3231,4
3834,3
3581,4
4945,0
1651,3
3646,4
4129,3
6757,3
211,4
4895,3
3270,3
3820,1
4307,4
5010,4
1045,3
6761,1
5574,3
1113,3
2506,3
6707,3
366,3
3840,3
2147,3
5003,4
2408,3
7582,3
1279,3
1178,3
4466,3
6419,3
7498,4
4755,3
1272,2
784,2
3781,4
5710,3
1379,4
7174,4
5368,3
6145,3
7361,3
1570,4
341,0
3145,2
963,3
1002,4
1328,3
3301,2
166,4
1694,3
4255,3
4584,3
5946,3
5812,3
1785,4
6365,3
5306,3
115,4
5165,3
1378,4
3653,4
5524,4
7525,3
5619,3
7345,4
4853,1
4123,3
1050,1
7276,3
1019,3
6816,3
6571,3
6189,4
6965,4
2931,3
701,4
3230,0
4606,4
6777,3
4024,3
2273,4
836,4
1515,3
7004,4
5626,4
3107,4
3944,3
3457,4
2020,3
3997,3
1193,3
212,0
988,4
7436,3
602,3
5771,3
4867,3
2052,3
3236,4
472,4
1286,4
6702,3
7521,4
404,4
2101,3
3039,2
4005,3
3186,1
5496,3
6744,4
5162,3
2953,4
4444,4
6436,0
594,3
7068,0
4511,3
2386,3
7277,3
4862,3
4033,3
3749,4
1501,3
6373,4
3582,3
2109,3
3303,3
445,3
6501,3
4914,0
7529,4
2797,4
1175,4
4921,3
5220,4
2503,3
7187,3
1266,3
117,4
3149,3
2342,3
1332,3
2941,4
5132,3
3629,3
730,3
5874,0
952,3
5277,1
4909,3
5938,4
7238,3
3076,4
4635,4
3176,4
7,3
4836,3
4631,3
2789,4
4118,1
3040,3
488,4
4509,0
4214,2
5694,3
6497,4
6752,3
1239,4
4925,4
7437,3
4448,3
5387,4
943,4
3030,4
4023,3
2743,1
1326,3
5620,3
2917,3
6787,3
7416,3
533,3
3601,0
2690,3
6228,3
4365,3
2346,1
6522,4
7459,4
4660,3
6475,4
1022,3
1287,3
5797,3
7241,3
5900,4
1939,0
4827,4
4119,3
2421,3
5999,3
3637,3
2698,4
4638,4
7169,4
2207,1
3822,4
5355,4
1670,4
6009,4
660,3
6378,3
6700,4
2792,4
381,3
1428,0
6097,1
134,3
6535,3
385,0
1689,3
568,3
6670,3
1684,3
4527,1
6052,3
2495,4
1211,1
7411,3
5023,4
1198,3
6623,1
5520,1
1247,4
3759,3
5444,3
6424,4
4241,3
5455,3
28,3
2265,3
7225,3
3386,3
6648,4
6074,1
3326,3
2250,1
4062,1
2086,3
4911,3
3628,0
1340,3
7334,4
1075,0
3364,0
3207,4
7062,3
2409,3
6665,3
1794,3
4575,1
5673,1
2170,3
942,3
4218,4
4367,4
6069,4
3213,3
5215,4
4068,3
1446,4
193,3
4534,3
3804,3
6748,3
6229,1
7254,3
2679,3
6937,3
6786,4
6227,3
5298,4
651,4
3434,4
6643,4
5744,3
5028,3
2527,3
1916,3
6175,0
16,4
3647,3
4182,4
7526,4
4962,4
3378,4
1954,4
237,3
1803,4
4310,3
7065,3
3492,1
5638,4
4972,2
4141,4
4009,3
5328,3
7281,4
5823,3
2278,3
1609,3
1082,3
553,3
2047,2
630,0
6065,3
98,4
3876,3
3047,3
2560,4
1850,4
520,0
3707,1
2509,4
7203,0
1119,1
521,3
2750,4
546,3
1584,4
1772,4
1540,3
6863,1
1161,3
7055,1
241,1
1597,3
3524,3
1958,4
1510,1
4758,4
661,4
2676,4
4185,3
3638,4
4268,4
800,3
6692,3
2733,0
3491,3
1233,4
5539,4
1142,4
3650,4
2588,3
791,4
5483,4
831,3
4888,4
6285,4
2235,3
830,4
6899,4
3239,4
1480,4
5297,3
2120,4
6138,3
4321,4
2348,4
4304,2
7182,1
3555,4
6431,3
3640,4
5580,1
3591,1
3237,3
619,3
6008,0
4558,4
2198,4
613,4
6943,0
5359,3
7087,3
4000,4
1603,3
6152,4
962,4
6450,0
6070,2
362,0
3958,4
1407,1
5913,2
5278,2
7116,2
511,0
2963,3
5882,4
7153,3
316,4
2670,3
3862,4
3018,4
1671,4
6762,0
2621,1
958,1
4904,1
4117,4
6068,3
7013,1
5699,3
994,4
7275,4
5468,3
4423,3
5019,3
1673,3
1699,4
3170,0
309,4
2333,2
1452,4
5346,0
350,4
2479,4
1250,3
595,3
7039,0
7593,0
4828,2
7197,2
6101,3
5643,3
4088,1
4792,4
3675,4
2914,1
3656,3
6527,4
6392,3
3887,3
39,3
6978,2
3462,2
7501,4
7387,3
1296,3
7570,0
7300,4
6217,4
2420,4
4722,4
3056,3
7178,3
2562,3
5285,4
4651,4
1341,3
2892,1
7064,4
6930,2
6870,4
4899,4
83,3
5969,0
6883,3
5972,4
680,1
1252,3
1359,3
3456,4
4288,4
3071,3
5432,4
5741,1
6513,4
2429,3
6140,0
2402,3
1859,3
4250,4
4767,4
6402,4
3678,3
2996,3
5339,3
6593,3
6734,4
1385,1
6333,3
6205,4
4475,3
2375,0
3412,4
4540,3
2037,0
1084,4
5101,4
6812,3
1972,3
2046,3
2330,3
2970,3
3570,4
3121,4
6057,3
5476,3
175,4
6904,4
3560,4
3802,4
215,3
6834,3
7139,3
7450,3
3111,3
4430,3
3141,3
3188,3
4492,4
6903,1
1492,3
4223,1
7365,4
2638,0
5084,4
510,3
3288,4
599,2
41,3
719,2
71,4
5763,3
4335,0
383,4
1907,4
155,3
3087,4
4663,3
687,4
834,3
123,3
1323,3
1829,4
4219,1
885,2
5336,3
5059,3
2781,3
3590,3
365,3
7219,3
2810,0
4784,4
7323,4
1882,1
6760,3
6299,3
4726,1
5136,4
6250,3
1661,3
246,4
7451,2
702,3
2818,1
5428,3
3038,4
2134,1
2522,0
3253,4
5460,2
582,3
7083,3
3592,4
653,3
6876,3
1740,3
3594,3
2490,4
5415,4
2992,3
6795,4
2636,3
5334,1
4085,4
1155,3
995,4
6544,3
6167,3
4303,4
7002,3
58,2
3532,4
7342,4
7301,0
1236,4
6417,2
2751,1
2260,4
5924,3
6652,3
208,3
1568,3
1012,4
5705,2
3921,3
5549,3
664,3
7123,3
4145,3
3782,1
2730,4
2279,0
1067,1
497,0
5966,4
3437,0
1639,3
5379,4
2414,4
4342,3
6233,3
4192,4
6399,3
2756,3
3856,4
5977,4
7162,4
5837,3
5798,3
7173,3
5693,1
4361,4
2989,3
2195,3
5378,3
4807,4
2339,0
4435,0
626,4
1162,3
642,4
254,0
5571,3
1167,4
6966,3
1152,4
6076,3
6363,2
2372,3
3179,3
2019,4
330,4
222,4
2516,1
2819,4
7423,0
3283,3
4729,0
2004,3
5307,3
4195,3
2255,0
1990,3
7131,4
608,4
4471,3
6703,1
5780,0
7321,4
3752,3
1509,2
5179,4
1096,3
5887,0
2075,3
3780,3
3028,4
841,3
6630,1
