node_id,target
2090,0
163,4
1650,0
4045,0
2580,4
966,2
1263,0
401,0
1632,0
3388,0
5209,4
1522,0
7089,0
12,3
5936,0
3292,0
2318,2
585,0
79,0
5231,4
4070,4
4436,0
2249,2
3729,0
2801,0
4420,0
7060,0
7591,1
1536,1
6889,2
5356,1
4395,3
7349,0
4203,2
3981,2
5786,0
7452,3
3633,0
3543,0
531,0
6706,1
4939,0
5661,0
7044,0
3044,1
1176,0
5408,0
6844,2
3078,4
964,4
2126,4
7177,0
5375,0
4463,0
5559,2
2734,0
5677,4
6671,4
7018,0
905,1
742,1
3217,4
7385,0
1110,0
4093,1
6587,3
4937,2
3945,0
2056,3
4614,2
525,0
4997,0
1107,0
1674,0
4172,0
5734,3
3865,1
4709,4
5030,0
6393,1
496,0
5609,0
809,1
6267,2
7037,1
167,0
523,0
3166,0
5104,2
5288,2
2950,1
2934,2
3455,0
5776,0
5081,0
125,0
1642,2
7235,1
4206,1
5829,0
929,0
5493,0
1324,0
1081,2
2189,2
46,0
6818,0
3284,3
576,0
2935,2
6275,1
250,0
343,1
1761,0
5709,0
5350,3
2747,3
4462,0
6462,0
6296,4
425,0
675,1
6157,1
4949,2
2407,2
3156,3
4065,0
1824,0
3105,1
5318,0
2069,0
3182,4
5535,1
2127,2
3740,1
4580,2
7290,0
3540,2
1517,3
5818,0
420,0
6311,2
1280,4
2930,0
7010,0
5012,0
3057,0
6191,0
7121,0
3060,0
6014,2
1434,2
1778,3
921,0
2243,1
6502,0
1024,1
6655,0
2681,1
2010,0
3784,1
4488,0
7088,0
452,3
2239,2
2325,0
3293,0
1227,4
3936,0
5596,0
3554,2
2236,2
5243,0
6426,4
852,0
4231,0
557,2
3271,2
6681,1
4319,0
2411,1
4099,0
1715,1
6866,0
4277,0
2112,0
1919,0
6582,0
3083,3
643,0
2012,4
1043,3
4468,0
5451,0
4476,1
5522,3
347,0
1438,3
6508,1
6432,2
3177,0
7239,1
7550,2
5893,3
648,0
2788,0
941,4
4874,0
5982,3
6811,0
7206,4
868,0
5106,0
4917,0
5121,2
1199,2
462,0
2713,0
2105,2
982,2
4376,2
7517,2
6609,0
2675,2
6788,0
2113,0
149,4
4657,0
2925,0
4671,2
7142,3
2183,4
2870,1
6884,1
4126,0
4414,4
5286,0
6739,2
2231,3
2301,0
6214,4
2653,1
4884,1
7093,0
6048,0
5362,2
3296,3
3597,0
1792,4
6710,0
3933,2
6232,0
5414,0
7315,3
7148,3
7442,3
3368,0
1935,3
6003,0
5402,3
5543,0
7336,3
3785,0
514,2
1574,1
678,0
1524,0
1462,0
7447,4
2436,0
4234,1
5453,0
2361,0
36,1
5830,4
5959,2
5080,0
6993,4
5795,0
2994,0
707,2
342,3
4643,3
1802,4
1752,3
5808,0
5533,1
4751,1
7247,0
2584,2
5412,0
7333,0
4472,3
4249,0
2650,4
4956,0
5186,0
6418,0
4546,1
5770,0
6821,0
7343,4
3828,1
4760,1
3517,1
4181,1
5748,2
2017,0
4913,0
6050,0
1666,0
923,0
5147,0
3777,0
7435,1
6712,0
4781,0
5621,1
1029,1
1114,4
1589,3
1854,0
1812,1
6986,4
6438,0
2299,0
1659,2
3910,0
3710,0
1815,0
5038,4
3511,4
706,0
1132,0
6976,2
4359,0
7302,3
6764,0
2042,3
6953,0
771,3
4426,2
6992,2
6563,0
5305,2
6886,0
3792,3
4279,0
1219,1
2223,0
6355,1
6239,0
355,0
1793,0
2290,0
1897,3
4550,0
4713,0
3813,3
3430,0
788,0
6434,4
6600,0
2443,4
3550,0
2108,4
1653,4
1749,1
4905,0
2076,0
2439,0
1282,0
7202,0
461,0
1122,1
482,0
5617,0
70,0
1508,1
5083,0
1288,0
4276,2
2268,4
4561,1
2266,1
851,3
2259,0
5532,0
2063,0
6898,0
4439,0
3248,2
892,2
2427,0
6868,0
1230,0
7237,2
337,3
219,0
849,2
6485,4
7126,0
4601,3
5152,0
3954,0
3090,0
6471,0
4982,2
2258,0
4573,0
1602,4
2483,0
4201,0
6860,0
494,2
1365,0
3568,0
2534,0
3337,0
1414,0
4193,3
1703,0
5805,0
1458,0
6990,0
502,0
2310,0
4577,0
4797,0
3942,3
5586,0
4654,3
118,0
1834,1
2954,0
3436,1
5843,2
1121,0
2766,2
1311,0
7135,2
6756,2
6480,0
7104,3
7478,0
4210,4
3286,0
3406,1
308,3
5880,0
3014,1
2058,0
6442,2
5828,0
4847,2
5998,3
1736,1
7108,0
1732,0
4168,0
7248,0
6295,1
1422,2
5752,4
269,0
4131,0
3577,0
931,3
7548,0
3719,0
3697,0
3131,0
2561,0
2864,0
652,0
7099,1
1032,4
213,4
6506,0
908,0
1973,0
7128,0
6705,2
4830,0
5507,3
437,0
4695,2
4493,3
6364,0
2329,4
1830,4
5353,4
4801,0
633,2
1860,3
3748,4
178,0
2602,4
4889,0
789,0
6010,3
1255,0
2707,0
5490,0
4066,3
5964,0
6677,2
4054,2
2360,0
4860,2
3703,4
3029,4
7512,4
1900,2
658,0
5604,3
4248,0
2388,0
4950,4
2661,4
3957,0
6376,0
4487,0
5398,0
4996,0
7533,0
4571,0
610,0
4559,3
2313,1
4513,3
6226,0
3587,0
2732,0
3373,0
2102,1
6615,4
1623,3
4092,0
3817,0
2128,0
5151,4
2125,4
5762,2
1944,0
7214,0
2035,1
1393,3
4302,0
3992,0
1093,1
4094,0
798,1
2849,0
3588,1
3630,3
5163,0
7483,2
432,0
567,0
1315,2
2167,0
5341,0
2182,1
713,2
4447,2
5485,0
52,0
6749,0
4887,0
972,3
4080,0
1494,0
6495,0
2437,0
7008,3
6165,4
4536,0
1166,0
7400,0
1808,2
5290,0
4783,3
1078,0
4799,0
5143,1
2532,3
2940,1
6198,1
4057,1
1713,0
4318,2
7564,0
5651,0
7250,0
5950,0
4616,0
4553,4
4868,0
703,0
4551,0
3427,0
164,0
3860,0
418,2
5804,0
54,1
5523,0
3875,1
969,1
5224,2
4700,0
3313,4
6981,0
1784,0
6327,1
5383,0
6185,1
7303,0
1124,3
5366,0
2905,0
7454,3
6287,0
414,0
6195,0
2808,3
3171,1
4061,1
6882,0
2441,0
13,1
6202,2
6134,4
2001,4
2234,4
3478,0
7213,0
5921,1
2659,4
6484,2
5240,1
1196,3
1145,2
2504,0
2848,0
4639,0
3818,4
2790,0
6383,0
1635,2
7339,3
3023,3
2054,2
5173,1
777,3
7229,3
6084,0
4957,0
1750,0
4183,4
1482,1
3167,0
3612,0
1143,0
6040,0
386,0
2622,4
5726,4
5679,0
4273,0
5500,2
2000,2
7096,3
4425,3
5896,0
5292,2
188,2
1771,4
4976,1
5253,3
2349,1
3153,2
6792,0
6759,0
3545,1
2093,0
87,0
5593,0
5280,2
1987,0
7270,1
4252,2
1470,0
4333,4
2032,0
3192,0
6139,1
4791,0
6604,0
4863,0
4242,3
248,0
6774,0
4079,2
3863,4
6610,0
5729,2
3215,0
795,2
1918,4
6169,0
3929,0
3983,3
7567,0
270,4
1712,2
1426,2
7337,0
5756,4
2168,0
2489,1
7534,0
1453,4
1417,3
5718,0
1538,2
2683,0
2880,4
1745,4
5098,0
3576,0
950,3
5200,0
6026,0
4531,3
2879,0
3380,0
277,0
2373,0
858,0
1543,3
2324,1
7245,1
349,0
569,3
2871,0
697,1
1507,0
606,0
6804,1
3238,1
1610,0
5867,1
3450,4
3673,1
3961,3
5187,0
2786,4
2541,0
6852,3
807,3
5279,0
947,1
2028,2
4429,4
460,0
3790,0
7318,1
2530,0
5589,4
136,2
738,2
3764,0
1400,1
2682,4
2854,3
7433,2
1208,2
2709,0
456,2
6776,2
6394,0
9,2
2554,4
5191,2
5015,1
3274,0
4290,4
2131,3
2586,2
3990,0
3544,0
1841,0
7408,0
5107,0
5844,0
5949,4
7347,0
3350,2
4100,2
6488,3
415,3
7171,4
6412,0
4691,1
3369,3
2749,3
5629,0
3826,0
3882,4
6578,0
279,3
5504,4
5249,3
1386,4
2456,1
3320,4
7021,0
6878,4
6679,1
5138,4
545,4
1201,3
5985,3
5182,0
6731,2
6954,0
4959,2
3367,0
3408,1
5822,4
2617,1
141,3
4127,0
3294,4
4446,0
1179,0
2008,4
1475,2
3054,0
3948,0
6661,1
6025,2
2345,0
6329,2
1735,0
261,3
5315,0
1818,3
194,2
1978,1
1995,0
5809,0
6059,0
765,0
724,0
7594,2
7100,4
1742,4
6248,3
3181,0
379,0
2150,0
4179,3
3327,4
3757,0
530,1
267,4
1994,2
189,3
1662,2
4512,1
4081,4
4322,1
808,4
2689,0
1848,4
2838,0
906,0
5000,1
2172,0
2186,0
5088,3
3989,2
1457,2
5337,1
3953,4
4188,2
5335,2
1629,4
6141,0
3975,0
6771,2
369,4
5723,1
6922,0
3446,0
821,0
4548,0
1382,3
5035,0
3452,3
7536,0
3414,3
2272,3
847,3
5873,0
153,3
1388,3
4467,4
4091,4
6200,3
3428,4
131,4
1864,4
729,2
999,2
3670,0
6581,0
2252,0
2794,1
7095,4
4101,1
3357,0
3930,4
925,3
4795,0
2009,4
1006,2
7399,0
4775,2
436,3
4339,3
888,0
674,2
4563,4
6871,3
6819,0
6697,3
5325,0
7465,0
3639,1
1035,0
1831,0
2821,3
2365,1
4742,0
4880,1
2842,3
3407,3
4774,0
5078,0
6509,1
7211,0
3335,3
2693,4
5327,3
1481,1
4373,3
2620,2
6344,4
3625,0
4133,4
2746,3
4348,1
636,0
3980,0
3806,3
6709,3
2997,0
2702,0
4496,0
6594,1
5683,1
3019,3
7575,2
4175,1
5155,1
2814,0
6885,0
3168,3
1630,2
2705,4
6230,2
1874,4
6482,0
4771,2
4399,4
7471,0
2154,1
1350,1
4377,4
1554,4
4532,0
7272,0
1242,0
6263,4
4552,0
7299,0
6259,0
6653,0
1644,0
7047,3
3250,0
3465,0
5489,4
1620,1
2435,3
4016,0
4434,2
2398,0
4445,1
6839,0
7551,0
4969,0
1807,3
2224,0
53,2
5021,0
5884,0
6388,4
3571,3
3365,1
368,0
1741,4
5853,1
4733,4
6170,0
7486,4
2900,0
5274,4
3228,0
3340,0
3895,2
3967,0
6091,2
7267,1
7335,2
4567,0
351,3
1246,0
4007,0
4753,3
4486,0
1789,0
7078,0
11,0
692,4
3706,1
1702,3
7282,3
2270,4
5217,1
3277,4
5127,0
5597,0
7393,0
1249,2
5409,0
6469,0
6403,1
2311,1
4437,2
2872,3
3654,4
3036,3
6123,0
4720,0
5761,2
4813,2
6253,0
5033,4
4716,0
7295,3
773,1
5185,0
4747,0
4855,0
4138,0
4702,0
1185,1
1465,0
7488,0
4879,4
3066,4
1303,3
1788,0
4004,0
6142,0
7207,4
156,0
1068,4
976,3
6747,0
574,4
2142,0
5978,3
4296,0
6850,3
1898,0
7046,4
2166,4
7048,1
6211,3
3760,0
1549,0
4978,4
3339,2
4087,0
5146,4
6633,0
6087,3
3727,4
723,0
6183,0
5572,1
1544,4
6104,3
447,3
6322,2
4453,4
6011,4
581,1
1594,4
6763,4
2633,4
3266,1
2045,4
6265,0
5439,0
2982,2
2927,0
6696,4
7508,3
8,0
2204,0
2635,0
3819,0
7556,0
4960,0
4043,4
3709,1
323,0
3595,3
4517,1
3634,3
705,2
4063,3
1450,2
2878,1
4171,0
2424,1
4227,4
195,4
2472,0
1550,2
638,0
3572,3
5684,0
1455,4
448,2
1058,2
2315,3
6174,3
1863,1
4740,0
6674,0
1787,2
5047,0
1641,0
6877,3
3282,2
129,0
398,1
2948,2
3420,0
2213,2
4790,2
5252,2
7246,1
5265,0
6561,0
4391,1
4935,3
3694,0
7348,1
327,0
1224,4
2305,4
1065,1
2877,1
4752,3
6492,0
621,0
5481,0
5385,0
7264,0
6122,3
989,0
2839,3
5045,1
1716,0
1047,0
1537,2
4167,0
1559,0
4308,0
6224,2
6914,4
5099,0
5948,4
2467,2
2143,1
4315,4
4293,4
5645,2
5672,0
3242,0
3502,1
4382,0
5222,0
4275,3
3651,0
3075,0
4220,0
4309,4
4174,3
539,4
7280,0
2403,0
1333,2
3103,1
2517,0
2606,1
6060,1
300,2
6016,3
3631,0
2824,0
6836,4
1030,4
3522,0
6208,2
4826,4
6042,2
1451,4
1843,0
7389,0
6256,0
2358,0
5898,0
311,2
5196,4
4155,1
4297,3
536,2
4071,3
815,2
1356,1
7484,0
3120,4
3325,0
4300,0
2492,4
4139,2
1892,0
4503,3
2901,2
4018,2
5941,3
4876,0
314,0
4440,3
4714,0
5310,2
5603,4
2216,0
2528,2
1483,0
3551,3
3324,2
2137,3
828,2
2711,0
4343,0
3793,2
1192,0
1039,3
6612,4
3498,3
7122,0
3484,4
5584,0
3751,3
862,3
1634,3
4833,2
1101,4
6181,2
158,0
4327,4
4834,2
1195,0
747,0
5905,1
3068,3
7477,4
7313,4
4652,1
3602,1
3258,0
6805,0
3758,0
3701,3
3240,1
2822,2
1947,0
601,0
1896,2
2415,0
392,4
2478,4
6428,2
2162,0
5491,1
2909,3
4893,3
5312,0
4438,2
6620,0
6539,4
6166,0
1855,0
273,2
6111,3
7491,3
93,0
51,0
2720,3
4354,0
5016,2
6037,0
114,2
6255,0
1203,4
7559,1
1625,0
4230,4
466,4
7110,3
746,3
5686,1
5737,3
2657,0
1223,1
1605,0
6367,4
86,4
1183,3
670,3
6487,0
3433,0
2062,4
6642,1
1955,0
7495,0
6794,3
2433,2
4999,0
6676,3
4520,0
6005,3
6276,3
7117,1
7163,3
6397,0
1526,0
5345,2
6663,1
6933,3
287,0
1319,0
2645,0
6294,0
2283,0
4410,0
3716,4
2600,0
1760,2
3531,0
7552,4
3143,3
4843,4
944,1
3494,2
4294,1
3976,0
1779,2
6729,0
322,0
2267,0
390,0
4756,4
6172,3
3031,4
3937,0
4555,3
5073,3
5326,1
1020,0
6479,4
4620,0
2538,2
5546,2
245,4
4360,3
997,0
3801,0
7279,2
264,2
1226,1
4681,0
7035,0
5833,2
1395,1
3924,3
2656,3
2544,2
4469,0
5712,0
2057,2
1592,0
2591,3
4064,0
3632,3
4280,0
6745,2
3743,1
3873,2
5659,2
980,0
2769,4
4891,3
3402,0
312,0
1665,1
6985,0
2862,4
916,0
4528,0
6896,0
991,3
3738,0
7158,1
7422,1
1432,2
7350,1
2153,4
2508,4
1408,0
3198,3
7081,2
6999,1
1491,1
2082,1
6045,1
1976,1
2298,1
4329,2
955,0
4907,0
2680,1
2095,3
5264,3
3444,0
4736,3
7586,0
1618,2
4814,3
4083,4
2226,0
6845,1
2353,0
421,1
5348,4
4541,0
5438,0
4506,4
2294,3
1730,2
3435,1
5781,1
7184,0
5467,1
6895,4
4710,0
6465,1
1601,4
6216,1
6907,3
5652,3
6023,4
5469,0
1967,4
97,0
6410,0
471,1
7441,4
5550,0
6550,0
3413,3
5815,1
4267,0
2229,3
6326,3
5395,4
4008,0
6422,0
607,0
6301,0
2103,0
3908,0
2022,4
3733,1
6607,2
6474,4
3766,3
5145,4
453,4
6972,2
2230,3
1828,4
5434,0
1804,3
5746,0
2964,4
1862,3
6662,2
2367,0
7355,1
1667,2
3401,3
7027,4
2779,2
4955,2
3724,4
1616,2
3379,0
4877,4
5605,2
151,1
3916,4
4485,4
3891,2
3474,1
4916,0
5226,0
3547,4
4270,0
1137,1
6312,1
7598,0
5554,4
505,3
3475,0
959,4
1551,0
6066,1
5960,4
3174,2
7075,4
5821,1
6951,1
5053,0
7161,3
782,2
6035,0
3796,1
2187,4
4154,0
4585,0
6398,4
1375,0
886,1
4046,2
6110,4
2883,3
391,3
4049,0
5129,1
7243,2
6568,2
5006,1
331,0
2728,4
1094,3
5842,4
1191,1
840,4
4055,4
7481,1
144,3
4245,1
6987,0
624,2
5944,0
4963,0
7409,1
7140,0
5784,0
547,0
1901,1
4885,3
4521,3
3025,0
3140,0
6400,1
6409,1
6798,0
764,0
768,3
6964,0
1244,0
3438,1
1770,3
5514,4
3645,2
5657,3
4257,0
2932,4
4565,3
1962,0
6892,0
2461,0
4615,0
7194,0
1920,0
6573,4
846,0
7468,0
6686,2
479,4
359,0
3392,0
4762,3
7195,4
4708,4
6548,1
85,0
5601,0
6722,0
6297,0
951,2
1291,0
2043,0
4897,3
2855,3
532,4
4848,4
663,2
3541,3
3052,2
1270,0
294,2
5618,0
4507,1
3907,0
597,0
659,0
7583,3
4789,0
6880,0
352,3
4995,1
2742,0
5214,1
6218,4
3696,0
3035,3
6592,0
5026,0
2502,4
3786,0
5714,0
5668,2
33,0
4261,0
107,2
1647,0
4525,4
6682,0
4215,2
4953,0
6720,0
3569,0
3191,2
7205,4
2254,0
2206,0
4075,4
2944,1
5440,4
4869,3
7511,4
883,0
2262,3
6144,0
6382,4
21,0
1273,1
3611,0
408,2
550,0
6305,4
1439,0
1996,3
2221,0
1720,3
6503,0
2767,0
5721,4
422,4
5788,0
3607,4
5005,2
869,3
4547,0
4678,2
7165,1
2665,4
6552,0
223,3
6636,0
5293,0
63,4
7592,0
5218,1
2923,4
3440,4
501,4
1800,1
3241,2
2480,0
1649,2
4122,1
6996,3
1468,4
1934,4
5131,0
4564,0
4870,4
5372,2
3155,0
27,0
4842,3
823,0
5868,3
7127,2
1498,0
7467,1
5631,4
1055,0
2609,0
3063,0
6842,0
6857,3
171,0
2906,1
4060,4
3851,4
5871,3
5401,1
6067,3
6430,3
4282,2
4137,3
5436,0
3783,0
4761,3
5194,4
4349,1
3447,1
5036,2
1575,1
1307,0
2222,4
6835,2
6519,4
4705,0
1615,0
7030,0
1877,1
5851,2
6881,2
498,1
4715,1
259,4
5459,2
103,4
4502,3
6225,0
507,0
816,0
4236,0
5909,3
4779,4
2169,0
5268,0
2091,0
7410,0
5606,0
3243,3
1023,0
5116,2
792,3
4074,0
1520,4
4320,1
4846,3
3533,0
6391,4
1317,4
4505,4
731,4
3832,1
3005,4
2708,3
2673,4
2568,0
3808,0
4369,0
3648,2
2474,3
3160,4
4910,0
2038,1
5223,1
88,4
291,2
1139,0
152,3
6708,1
1120,4
6004,1
1063,0
2237,0
6856,1
271,4
4988,0
5057,0
5730,4
3888,1
7443,4
4768,3
1456,4
3713,4
7159,4
3898,3
395,0
5583,2
67,4
4253,2
4363,0
6942,4
7016,1
5418,4
6162,3
1646,4
409,4
4143,0
3671,2
2276,4
5782,0
7428,3
4408,2
6668,0
4358,2
1212,1
1297,4
5660,2
2205,1
6778,1
1927,3
4232,1
5562,0
1009,0
170,3
3409,0
442,0
5813,3
6631,4
5865,2
1204,1
4690,0
6714,0
6375,1
1387,0
627,0
3880,0
6754,3
5745,4
7530,3
60,3
6179,0
2227,3
6867,2
1127,3
7234,1
4160,0
1411,3
5077,2
426,4
5750,0
6847,2
10,2
6802,0
1157,0
5850,0
5538,0
4209,4
4224,0
150,0
1134,0
6063,2
6260,0
292,4
4243,3
6034,2
2192,0
2307,0
4483,1
1448,2
6339,3
4802,1
3183,1
2208,2
2201,2
4719,1
635,2
2370,0
5475,0
1493,2
6538,0
1598,4
7426,0
7172,3
2481,1
957,4
6178,4
7057,1
6894,1
6827,0
5564,1
3909,3
6284,3
7541,0
137,4
655,2
1015,2
4637,0
3007,3
6789,0
954,0
7446,2
1316,0
1997,0
1256,0
5738,0
4490,1
5640,0
7077,1
5009,0
3139,1
4845,3
4375,1
6328,1
1431,4
5899,4
5157,0
7366,1
6718,0
6481,2
1289,4
3193,0
3257,3
7049,0
4,4
2156,4
478,3
3815,0
1281,3
2129,0
7220,4
7554,3
2487,3
3319,1
1676,4
2158,1
700,0
2547,2
7404,4
1471,1
667,4
2124,3
656,1
7017,1
1596,1
4238,2
3842,1
5854,4
5445,0
4605,4
4533,0
3278,0
109,4
813,0
4240,3
3329,2
2203,2
2434,0
2903,4
2405,0
556,4
5627,3
116,3
5555,4
2655,1
3123,0
1685,1
2619,1
698,0
3480,4
4780,4
6891,4
5072,0
3101,0
1763,2
5112,0
2277,0
5435,4
1486,0
755,0
7053,2
3674,4
1116,3
1274,3
5925,0
7370,3
7461,4
1413,3
272,4
1643,0
6262,0
4612,1
1909,0
3835,0
6826,4
1613,0
1284,0
3471,1
2220,4
500,4
1714,1
3693,1
7185,2
6562,4
7071,4
2701,3
3830,4
4734,0
4484,3
5180,1
3109,0
6958,4
2085,3
2209,1
1911,2
7284,1
519,3
3932,2
4811,2
5947,4
6206,2
4479,1
2820,4
5650,4
527,1
5374,3
1953,1
1000,2
796,1
3251,3
3387,0
1923,0
7308,3
7327,2
1921,4
1444,4
2833,3
3366,4
4892,0
1504,1
1691,3
7357,3
559,3
733,1
4931,1
6858,3
3965,0
5097,4
3173,4
4069,1
1268,0
6472,4
5070,3
1876,3
4019,0
2498,0
4723,1
5114,1
2097,0
2971,4
1946,3
3827,0
3814,0
4056,4
4699,4
4728,1
5065,4
975,2
6,0
3110,2
243,1
1112,3
614,3
6022,0
413,0
2087,3
4549,3
5894,0
333,1
3336,0
1555,3
3417,0
2590,0
4465,0
1993,0
1786,1
6325,0
2200,1
1488,2
274,4
6347,3
5303,1
7298,3
4805,4
6349,0
14,0
6447,1
1975,4
694,4
6338,4
3666,2
2777,0
5624,2
6317,0
712,2
4672,3
1184,3
3043,1
6360,0
987,1
485,4
1889,1
854,3
4592,0
3062,3
3514,0
6554,3
4764,1
2762,3
632,0
2540,0
1327,4
7588,4
3058,1
5363,3
2551,0
5870,0
2809,0
5340,3
6694,4
1355,2
7022,2
6737,4
4875,4
3894,3
2812,0
6735,3
4212,3
1956,2
3677,0
2988,1
3649,3
3680,4
207,3
5970,2
6357,3
5232,0
1693,0
6192,3
7210,4
4980,3
6498,3
6726,3
864,0
364,1
7510,3
124,0
4844,0
454,4
4966,0
1423,3
4326,2
380,3
7033,0
6912,4
3458,0
3609,0
4198,2
1811,0
1890,2
7146,4
3549,3
7102,0
3843,3
1821,0
4170,3
1290,4
970,0
3708,4
4084,4
1053,4
5986,0
7413,2
4689,2
3461,0
4510,2
2995,2
6900,0
1506,2
1088,4
981,4
5027,1
5064,1
960,4
168,4
7320,0
5113,4
1586,3
5371,2
5510,3
4389,0
725,1
6186,0
4381,1
2771,0
5810,4
1660,0
6841,3
3964,4
5172,0
1001,2
6525,4
5996,4
4840,3
5390,3
2582,4
1389,1
2798,0
218,4
6368,2
3566,1
2275,1
1872,0
645,3
1361,3
1805,4
776,2
3197,0
7356,3
4452,3
5785,4
4618,4
2861,2
3015,1
688,1
3445,4
7097,4
1018,1
946,4
6977,1
1951,1
7015,4
3405,0
3317,3
3741,4
911,0
7223,2
6131,3
743,1
3106,2
6556,4
1747,1
5144,4
940,4
639,3
2672,4
5250,3
4325,4
3448,4
7292,1
2036,3
1366,4
5883,4
1541,0
5505,3
3931,1
6586,1
5397,3
752,0
2662,3
3970,4
4298,0
4120,1
1057,0
4012,4
6797,3
5360,0
7360,3
5915,0
1624,0
3190,0
4902,3
1960,0
6136,2
1344,1
646,0
4711,0
7427,4
4116,3
2887,0
6127,3
1090,1
7476,0
2596,0
6021,3
361,2
2623,3
2972,4
376,0
6888,2
5309,3
345,0
154,2
4985,0
1961,3
5096,2
6782,3
937,4
2729,1
4883,2
2121,0
6909,4
4786,0
7269,4
5014,2
7073,0
4841,3
7421,3
3885,0
4604,0
6088,1
1704,4
3152,1
5862,2
620,1
4973,4
6968,0
3268,3
3210,3
1147,3
4857,2
324,4
5042,0
6486,4
3892,0
710,4
2136,4
4630,1
3391,3
1049,4
3567,0
5525,2
6000,3
3347,0
6533,0
6617,4
6336,4
5987,4
5321,0
2133,0
2068,3
5769,2
3561,4
3823,4
4417,3
1449,3
7136,3
2716,0
5682,4
5461,3
7440,2
867,1
7040,4
6515,0
371,0
7109,0
5176,4
4683,2
6107,0
2240,0
3635,4
6404,0
6223,4
7156,2
5702,4
1739,3
3846,4
6381,0
683,4
3988,2
423,0
1743,2
1329,2
5727,1
7091,0
5857,1
744,4
3993,1
6915,4
7430,1
446,4
6444,4
3033,3
6319,4
4077,2
564,3
5275,2
6082,1
4135,0
1293,0
1264,1
1908,4
4328,3
5897,0
2714,1
2157,4
1108,4
3416,0
6154,2
5322,3
6994,1
1622,1
4233,0
4766,1
5647,3
3562,3
6354,1
4624,2
6717,0
4372,0
2066,4
4987,0
2571,0
673,1
1930,1
6768,3
1567,4
2404,0
334,1
481,0
1560,4
2369,4
20,1
922,0
3010,4
1845,0
492,4
3805,1
4641,4
4353,3
4668,0
5859,0
325,3
7401,4
6669,0
5623,0
2605,3
5229,2
5102,1
353,0
878,1
6873,4
722,2
6168,2
469,4
2297,3
7101,0
4687,4
1849,2
2986,1
5801,3
3180,0
4656,1
99,4
6180,0
3073,2
4311,4
3665,3
3159,4
3941,0
38,4
6532,4
5838,4
2371,0
396,3
121,4
1562,1
6147,1
6219,0
1189,2
7380,2
3267,4
5839,3
7373,1
7023,0
2149,0
4745,0
6911,3
1835,3
1197,4
965,1
1074,3
6352,2
6579,0
106,0
1410,0
2210,3
6780,4
4190,0
5405,3
4523,1
5518,0
1966,1
5100,2
6106,3
5531,4
4418,2
1637,2
647,3
5519,0
4501,3
4859,2
1633,2
4499,0
6790,3
2807,2
907,3
6783,0
866,3
1767,2
5130,3
417,1
2114,4
543,4
5919,4
3767,2
3999,3
7252,4
7118,1
6125,4
3558,4
6163,0
1221,0
92,3
7344,0
4851,1
6830,3
693,2
5595,0
7487,2
691,3
3032,0
590,1
1153,3
7050,1
4621,4
1016,0
1102,4
721,4
2959,3
5767,0
440,0
558,4
7042,4
2828,3
4397,0
3506,4
5437,4
5454,3
3279,0
617,4
145,1
843,4
7424,1
4967,1
4378,2
5004,3
3513,0
6775,4
2704,3
6307,1
3374,0
3133,0
5639,1
1717,0
2080,4
244,1
5494,0
3991,0
2119,0
3418,2
3600,0
1669,1
5184,4
4788,3
1406,4
819,4
4746,4
953,1
6304,2
2389,3
2505,0
104,4
2040,3
5560,4
2344,4
3642,3
2356,1
1873,2
4332,0
3807,3
5993,3
6007,4
2515,0
4856,2
3839,0
3925,0
6837,0
2748,1
2394,3
3950,2
4350,4
7535,2
1027,0
3348,4
1888,4
2132,4
4352,3
2860,0
737,0
5242,0
2552,4
6148,0
2314,3
4934,0
704,1
2219,1
5663,0
4166,0
6627,2
7359,2
165,3
6542,4
2937,3
1430,0
3661,0
5760,2
4278,4
4693,4
4901,3
1085,1
4134,0
3061,0
6667,2
6470,4
1682,0
5092,3
2430,3
6750,4
5697,2
1525,3
1965,1
3982,1
4107,0
6427,2
4928,2
6791,0
1734,0
1851,2
7456,3
7179,0
5582,1
2482,3
4173,3
5381,0
5658,0
7394,4
7007,3
2969,4
7124,1
2471,0
4685,0
7157,4
5429,1
1654,4
3203,4
2438,1
1992,4
2300,4
5364,4
4237,4
2341,2
2039,2
4098,0
895,0
5424,0
5052,4
5032,1
5669,0
6086,0
3795,4
1490,2
1878,0
3201,2
6020,3
2334,3
268,4
4665,0
6133,3
4794,4
6746,3
2202,3
4644,0
983,0
1305,4
4581,4
4633,4
5515,3
1077,3
5820,3
7497,2
5376,0
5349,0
4750,2
4578,4
5,1
1726,3
4977,4
5856,1
1519,0
416,3
1377,0
6015,1
5569,0
2618,1
5094,1
122,3
5689,0
4686,0
5758,0
139,0
6203,1
1205,1
4032,0
5488,4
7289,4
5480,0
110,1
1583,1
5903,1
5246,0
6377,0
1626,0
3000,2
7221,0
3935,4
7565,1
5817,0
7405,1
573,3
5228,1
3739,4
748,1
6193,3
186,1
1959,2
6072,0
3659,0
182,3
6970,3
5247,1
4947,4
3762,0
2431,1
5958,2
7330,0
1294,0
6366,4
5568,0
1345,2
5935,2
3951,4
6468,4
5456,4
22,0
344,2
2322,2
3987,1
2175,2
5367,4
657,1
5413,0
1675,1
5079,4
1443,4
2998,1
4113,1
4103,3
4031,4
634,0
548,3
7358,0
6644,2
6460,0
1325,4
4489,4
5521,3
2979,0
3755,2
2524,2
5324,3
5382,1
1051,3
6308,4
2644,4
483,3
6773,1
5086,1
3194,0
1352,3
255,0
2312,0
6540,1
489,3
1099,2
5961,4
4806,4
5895,3
4010,4
6268,4
281,4
6598,1
1109,0
4770,4
6132,1
4136,0
6879,3
2458,4
2350,2
5189,0
3787,0
3658,1
57,1
6466,4
6187,4
4602,2
2763,0
203,4
3617,0
2626,4
1557,4
4835,2
80,3
6997,4
4816,4
6725,1
2816,2
2597,1
2282,3
3384,2
2758,4
1774,2
297,0
4803,4
6477,4
1974,2
5115,2
4819,0
6161,1
2699,2
7475,0
4824,4
535,0
5963,3
6995,3
465,2
4975,4
235,4
1103,3
3259,4
3714,0
5787,1
1696,3
5067,0
6973,0
3130,2
1149,4
4796,0
2667,4
3322,3
6632,2
4680,3
6921,0
794,3
5852,0
4002,2
6721,2
4609,2
1210,0
1591,2
6932,1
2574,1
6619,0
5124,3
6041,3
2225,2
100,0
4591,1
3542,0
6622,0
6865,1
3104,3
6117,4
4650,2
5110,1
1773,3
560,1
3344,3
2400,2
450,0
1278,4
5814,4
4613,3
4396,2
5095,1
3441,0
1005,3
3012,1
6751,2
7228,2
7332,4
66,4
5956,4
1136,4
4271,0
6595,1
5501,4
128,3
3045,0
4305,2
504,4
6505,1
5615,4
3486,0
4163,4
4858,1
7549,4
2027,4
6695,4
2025,0
5190,3
6213,0
2031,3
2832,0
3725,4
360,0
2106,0
2099,0
7429,0
3205,2
3488,2
5581,2
1514,4
475,0
2962,2
7539,3
2015,1
3606,1
5259,2
1473,3
3495,4
3469,3
6510,3
3726,2
2159,0
2946,0
4158,4
2897,2
2181,3
5425,2
7516,1
6660,0
7115,0
6728,3
732,0
5071,3
1091,1
6765,4
202,4
1688,3
1910,0
3295,3
1556,1
2952,4
6012,0
6024,0
3096,2
3489,4
3089,4
3321,4
4222,3
3902,0
6247,4
2244,4
3082,2
5391,3
1194,0
7278,2
3196,1
6565,2
176,3
3126,2
6520,4
977,3
4497,0
855,0
1500,0
7080,4
7305,3
4470,0
7434,2
6439,3
1822,3
1054,4
49,4
5733,3
7200,1
5716,2
5802,3
2512,0
4082,1
5464,2
1295,4
4920,4
4037,3
6517,1
2148,1
2366,0
4040,3
1861,4
2145,3
2865,4
938,4
6001,0
4020,0
4632,2
727,0
1402,3
6605,0
7576,0
1733,3
3249,2
6453,3
3657,2
992,2
4491,4
5316,1
4284,4
1648,0
5939,1
5992,2
7304,2
6459,0
1363,4
7431,0
4642,0
4097,2
2171,2
3803,4
5342,2
3355,2
1076,0
7352,4
3519,4
7568,1
1140,4
4110,0
468,1
7319,0
329,4
5230,3
5743,4
3027,3
4292,1
961,2
3998,4
6405,0
5529,0
3831,1
4366,1
5509,1
6626,0
5426,0
1059,3
2611,1
130,0
1259,1
3443,3
4115,4
3265,1
3472,0
4682,0
3234,3
2029,0
7537,0
4535,3
190,2
7445,0
3009,1
7212,1
6489,1
6824,2
5860,3
6913,3
6273,0
5749,4
2115,3
4732,3
142,4
2296,2
2658,3
5841,3
3175,1
5578,1
611,0
3857,2
3746,4
6536,1
685,1
1564,3
90,0
3487,3
3275,4
5122,3
5410,4
5688,4
5954,0
402,1
2289,1
949,1
6099,0
5616,2
2078,1
5294,2
1853,0
6090,2
2485,4
5670,0
4228,3
2599,4
6698,4
2376,4
4698,0
7574,1
6566,4
7233,0
4707,2
5700,2
4316,3
3272,0
1302,1
3178,0
2026,4
5690,1
1886,4
1837,2
1846,1
1719,0
7066,2
4419,2
2559,2
6196,3
1887,1
3668,0
5602,4
6490,0
6302,0
2184,3
3100,3
5541,4
148,2
3383,4
3172,3
6334,3
6204,4
882,3
1391,4
3768,0
403,3
1915,4
7558,0
3134,4
6843,2
5255,1
7112,3
4759,3
2815,1
6143,3
6370,4
5159,3
1984,0
4936,2
5789,3
282,1
1836,3
4044,1
285,3
4383,0
1587,3
6130,3
1590,0
1839,1
5630,1
3424,3
1234,3
4427,4
31,0
5276,2
2317,4
1429,3
2589,1
6528,4
7026,2
592,4
1612,1
7086,3
473,0
4864,2
1600,1
5074,0
6890,4
5674,4
82,2
3070,0
6516,0
2286,4
2218,0
2326,4
6176,4
1034,4
739,1
1168,2
2993,0
7545,4
1104,4
240,3
4281,4
2331,0
5388,3
6073,4
2739,1
2664,1
7587,3
2110,0
7419,3
1253,4
4622,1
6926,4
6543,3
7578,2
7555,0
2581,0
5728,3
6567,4
1404,3
5774,3
880,1
4132,0
3093,4
3859,3
3788,0
238,3
7520,4
3949,2
2649,2
2553,3
4014,2
6719,2
4636,3
5407,2
826,0
1798,0
6085,0
1261,4
1031,1
2006,3
3939,2
6031,1
4114,0
3745,2
5527,1
3530,1
7036,1
5731,0
15,0
4162,0
1401,3
4149,3
5922,0
5779,4
394,4
5981,2
4086,2
2053,0
516,1
6689,4
3085,4
3761,4
6314,0
3102,3
6115,0
5901,1
1769,4
5361,4
3449,0
7094,0
5951,0
896,4
5590,0
4239,4
5512,3
5892,1
289,3
1187,2
6330,0
555,3
3280,4
5404,4
7307,4
4140,0
1917,0
2843,0
4724,0
7137,2
837,4
4178,1
370,0
6666,4
6184,2
3593,2
6589,1
913,4
5881,3
728,1
2921,4
1585,2
1115,3
2719,1
5667,3
4207,3
1561,0
2550,0
5458,3
2780,0
1532,3
7261,1
757,3
7383,0
6974,4
7125,0
3940,2
7418,0
2374,4
3218,3
4067,3
7368,3
2889,0
1813,1
1013,4
2338,0
7129,0
5060,0
1979,1
3920,4
1459,2
1852,1
787,4
6215,4
666,4
7322,2
3622,0
1135,4
6320,0
2803,0
3415,2
3404,2
1943,4
157,2
4196,3
1025,3
5840,0
6269,3
5573,0
2215,0
4986,4
2444,4
3624,1
378,3
1801,0
2510,0
2319,4
4645,0
1607,0
3711,2
1708,0
5089,4
3403,4
336,4
1754,3
542,2
3421,1
3837,0
140,2
7230,4
4095,2
3463,1
1768,3
3169,0
4407,0
389,4
824,0
2077,2
1041,3
169,1
43,0
6807,4
5403,0
3516,3
2533,3
801,4
7227,4
6252,1
7407,1
6346,0
419,2
2135,2
1060,2
3001,1
4351,0
260,0
4679,4
3735,0
2292,3
2214,3
339,4
5008,2
3396,0
6526,0
3620,0
783,0
767,4
4617,1
1692,2
3208,4
6199,4
4954,1
887,3
4926,1
491,3
1186,2
5962,4
4894,3
1238,0
1904,0
561,4
4244,3
3164,0
6390,3
232,2
1215,0
2888,2
5528,3
1985,1
6049,0
3527,0
2715,3
5567,4
2641,3
933,0
7589,3
6270,0
5940,0
6112,4
3299,1
5044,1
4543,3
4821,2
650,3
1672,0
544,3
2572,2
2648,4
2491,3
173,2
4572,3
4306,2
2308,1
256,4
7375,3
430,2
6784,3
5932,0
4289,4
4388,4
4211,0
7571,4
6182,1
6645,0
5594,1
5211,1
529,4
6982,0
7485,1
5314,3
2827,0
820,0
2895,4
6306,1
6893,4
4157,0
1576,4
6659,4
4247,3
6862,0
3124,4
7597,1
3618,0
1383,3
2592,4
2457,4
2774,3
1133,3
4344,4
745,1
4498,1
3923,0
6415,4
4449,4
5943,3
4073,4
6988,3
1593,4
3233,4
3927,2
5534,4
3512,2
7271,4
5216,0
762,0
781,4
2177,0
1348,0
817,3
6601,0
785,4
2,4
6316,0
7384,2
4459,3
6464,4
3869,4
7595,0
113,4
6833,3
5824,4
2725,4
1170,4
2196,4
1421,4
2197,3
4941,3
7192,3
6549,4
1663,4
4039,3
6343,4
3216,2
865,0
7596,3
2863,0
3395,4
183,3
1929,0
2920,1
3731,1
5207,3
1330,4
317,4
4854,2
5906,4
6618,1
306,0
3681,4
870,1
5628,3
4038,3
6851,2
1759,4
3358,0
4589,3
4283,4
7297,1
5338,0
2736,1
1479,1
1783,4
3314,4
2668,4
68,4
4530,4
4370,4
5103,2
1237,2
1809,3
2612,0
5910,0
1548,0
1535,0
1942,4
6541,4
1737,4
4586,4
120,2
4673,3
5556,2
4539,3
4516,3
3305,3
2741,3
7362,4
5558,1
3147,2
5213,2
5400,3
6118,1
2484,4
6095,1
5622,0
769,4
2902,2
1495,2
604,4
1037,4
7273,0
340,4
774,1
3229,4
7425,2
7561,1
6608,3
2721,3
335,4
1983,3
5205,4
5166,3
4951,1
1008,3
2846,4
1777,0
3734,3
7492,1
4152,1
2288,3
2107,1
709,4
4793,4
4059,4
565,4
734,3
2352,3
6979,4
4822,0
7296,3
6796,4
1757,4
7249,4
2856,2
4765,4
4052,4
6094,3
387,0
6741,3
1879,3
3890,2
6690,3
7382,0
6222,0
5816,0
1169,4
247,4
833,1
227,1
5725,4
4662,3
1690,0
2799,4
4948,3
4964,4
7092,3
5557,4
1530,4
814,3
3598,0
5406,4
6766,4
6806,2
2894,1
427,2
2390,1
756,4
431,4
3037,4
2497,1
3269,1
1454,1
7470,3
5632,3
2585,3
1313,2
4930,0
1932,4
1004,1
5161,4
1608,4
225,4
1621,0
1487,4
2377,4
3020,4
7170,3
1617,2
428,3
5834,3
6089,1
1867,4
4121,4
4556,4
7518,3
2526,4
968,4
2740,0
6906,0
4272,4
6452,3
3290,2
996,0
4125,3
7067,4
4495,0
6283,4
4731,1
3,2
2691,3
793,1
2991,4
1905,0
2837,4
956,4
7286,0
258,0
1842,0
7052,4
6177,4
1463,4
2752,4
451,4
5134,3
5037,2
2451,3
3084,4
7025,3
6290,4
1611,0
3585,0
3619,3
231,4
185,2
4229,4
2640,4
2179,3
1797,4
6277,3
1780,3
637,4
871,1
2671,0
2744,4
17,0
3298,1
4943,4
3791,1
6980,4
2013,4
1991,3
2130,2
1285,4
2817,4
3523,4
6353,0
3627,4
7316,0
5720,3
3214,4
2565,1
3763,3
5587,4
2355,1
1571,3
3500,4
2466,2
5542,3
5703,3
3200,4
1469,4
3006,4
4180,0
1695,4
4176,0
6635,4
7063,3
1764,3
443,1
1257,4
6640,4
159,4
1409,4
4263,1
6387,0
3423,2
7546,3
3157,2
3699,4
3490,2
7167,1
6975,0
5443,3
4754,3
2531,2
354,0
5164,3
4048,3
3776,4
266,0
587,4
2401,0
5377,0
2416,4
759,4
4582,4
7398,0
7395,1
3897,0
4443,1
4058,4
5203,3
3947,2
1151,4
1964,4
6323,4
2847,2
2452,4
3398,1
1638,4
3690,1
3688,0
5931,0
4785,4
3943,4
2555,0
7154,4
3702,4
6639,3
4379,4
3864,4
5635,4
7455,2
1913,3
6116,4
2631,4
4337,4
7019,0
2448,3
1435,4
2787,0
234,3
770,0
5234,3
7138,3
2834,1
5221,0
5333,3
3460,4
286,0
6810,3
5270,4
4042,2
2384,2
927,4
3310,4
5503,1
4217,4
6603,2
2745,1
5902,0
945,0
4566,1
4200,4
35,1
3128,2
4105,0
5696,2
3754,4
741,4
2607,3
6989,0
1542,0
119,4
6380,2
3906,0
4717,4
4837,3
1373,1
3146,0
4598,4
3938,2
2718,1
5046,3
2625,0
2558,3
6963,4
4387,0
708,4
1216,4
1799,4
2890,3
313,0
6901,0
3481,3
3342,0
5430,0
7160,0
3252,4
3189,4
5654,3
4295,3
7014,3
4478,3
5995,4
1040,0
690,4
4473,4
6315,3
2316,1
6342,0
200,3
4412,0
5759,3
5482,1
5918,3
1529,4
1697,4
7291,2
7406,1
1856,3
3064,4
5888,1
665,3
2784,3
7070,2
6241,2
5664,4
3526,4
3878,3
3915,1
2542,4
5636,4
2104,1
591,3
5889,4
4600,4
6687,4
6625,4
2428,1
2455,0
4808,4
1936,3
2627,3
5989,4
6237,3
5396,0
5329,1
2041,2
2354,4
2003,2
3453,2
5251,1
5135,0
7193,3
1698,4
1440,3
5540,2
7325,4
2351,1
5261,3
753,3
262,1
6504,3
540,2
5952,1
4142,4
2328,1
3800,4
3468,1
126,4
5778,0
6920,0
2910,1
2628,4
5193,4
4330,3
761,4
4810,1
5295,2
1565,4
3969,2
5934,0
6345,4
6684,4
6058,3
4371,0
2983,4
2385,0
3232,0
7371,3
3660,4
410,4
1061,3
4403,2
2603,4
3053,0
7141,2
2464,0
6688,4
7144,3
5197,0
7438,0
832,3
4364,2
7519,4
3041,1
6384,3
5666,0
2564,0
6569,3
3204,4
2857,4
7257,3
3312,0
2791,1
5498,0
2761,0
580,4
3770,1
3871,2
5091,4
3065,3
1171,2
5613,1
1640,1
4041,4
2577,3
77,3
6313,2
930,4
1160,0
6961,2
4313,2
6129,4
2347,2
3535,3
5066,0
6588,3
5872,0
554,3
4251,0
6621,1
1521,0
5204,3
4269,2
1791,0
4596,3
3008,2
5561,1
1971,4
6425,1
6779,1
1441,1
5634,4
1884,3
1869,3
3773,4
2947,2
7599,4
1299,4
3662,4
4072,3
4235,2
6238,1
5908,1
6950,4
6902,2
778,3
570,3
5916,0
363,1
5158,2
4560,3
1718,2
2309,4
2831,0
1577,4
2830,3
6628,3
367,1
1367,4
1950,2
6120,4
1033,4
3599,4
2460,0
2251,2
4886,0
4246,1
7363,0
6859,4
4611,4
586,3
2122,1
5953,4
4912,4
7011,3
1656,3
5646,4
3245,4
6832,4
936,4
3223,3
1941,4
214,4
2332,0
918,3
4667,3
338,4
4738,4
2549,3
2796,3
3114,3
3672,4
3451,0
4205,3
5599,1
4938,3
3129,3
6386,0
6656,4
3613,3
7180,3
5791,4
3641,4
373,0
3226,4
5386,0
318,2
2368,0
3377,0
7381,0
2016,0
3604,0
1725,3
2521,0
7577,2
6371,0
7482,3
2841,4
1343,0
3158,0
5974,4
2048,1
5576,0
5258,4
1141,3
5656,3
5167,4
84,2
2882,3
1097,0
6096,3
822,3
1258,0
7043,0
4036,1
5137,2
3899,4
1262,3
2866,3
904,0
1390,3
4432,2
5845,4
5579,1
3211,4
2445,3
3861,4
4871,4
6574,0
3586,0
5133,4
7563,3
7283,4
872,4
1310,3
6767,4
3209,3
7569,4
1335,4
5790,4
4390,0
6309,1
467,4
3508,4
5195,3
2493,3
3306,0
6155,2
1928,3
605,1
2795,1
2340,0
5254,0
1866,2
6445,3
4529,3
5192,4
332,1
2717,2
374,2
6119,4
4890,4
2450,1
3730,1
6150,4
4111,2
1360,1
3911,3
2033,3
2030,0
3432,2
4599,4
1173,4
6261,2
3874,1
7580,1
6416,0
382,2
6829,4
2193,3
7058,1
5128,2
3663,4
3351,3
1820,2
3847,1
3900,3
6848,3
5649,4
803,3
4199,3
5502,3
1174,4
3855,2
2759,4
3626,4
1003,4
2393,4
3359,3
2813,4
2164,4
5423,3
684,2
919,3
910,4
3966,0
1790,1
2536,4
3311,3
5427,2
2566,4
3328,0
3499,0
7572,4
2440,4
5585,1
5988,2
2446,4
457,3
3644,4
2049,4
802,1
5466,3
671,4
1021,4
2785,3
4593,1
7480,3
4927,0
1980,3
3557,0
7181,1
384,3
4998,1
3094,4
4454,4
2044,2
4861,4
2476,2
3539,4
6946,3
6289,4
5537,4
1569,4
2933,4
4684,1
4634,3
5832,3
7098,0
3886,3
6853,2
6056,0
3596,0
2896,4
4225,1
631,0
2117,3
275,3
64,3
5707,3
2072,4
2945,3
3097,1
4590,1
1933,3
3858,3
4653,3
4404,4
901,4
3477,0
1664,0
4202,4
1581,4
3331,3
894,4
73,0
2981,1
3537,0
4102,4
1150,0
346,4
2765,2
3112,3
3161,0
484,3
948,2
1512,1
2060,4
6546,4
5126,3
1225,0
2696,1
3679,4
1969,4
5208,2
644,3
3667,4
4557,4
138,0
4144,2
3962,1
439,4
5685,4
909,3
435,3
187,3
5256,0
4286,4
2669,4
4725,0
0,4
6512,4
6803,3
7201,4
2867,2
3118,3
2343,1
4022,0
6080,4
5287,2
1999,2
6638,4
4340,0
5544,0
6137,1
5269,3
283,2
199,2
695,3
772,1
4772,4
4017,1
6047,4
3291,1
5238,4
5471,4
5330,4
6046,4
7024,1
1619,0
2951,0
5665,3
5570,3
2639,2
3354,3
61,3
3260,4
7076,3
5835,4
5516,4
5237,4
920,3
6947,3
2523,2
1478,4
4579,0
6234,1
1553,4
3297,4
4823,4
6683,0
4658,4
7204,4
4169,3
2321,4
476,3
7031,3
1968,3
2928,4
191,3
5472,0
4804,4
2806,4
4595,0
146,0
3868,3
2089,4
470,1
3400,4
2535,0
5766,0
4940,4
6002,4
2965,4
603,4
6854,4
1484,0
1533,2
1539,2
6103,4
2100,4
2014,1
2425,2
5431,2
839,2
3979,3
2868,4
3737,4
6231,1
1292,2
5997,4
3771,1
3919,0
2363,0
6585,4
5747,1
2111,3
7288,4
2980,2
518,1
1044,3
1658,3
6075,4
5477,4
6282,4
2083,4
2007,3
4266,2
1573,3
2835,2
6716,3
5170,4
1833,0
102,3
1746,3
1069,4
6584,0
7251,3
2936,3
4130,3
305,4
7515,2
1,1
1353,0
2666,4
1502,0
2211,3
48,1
5263,0
1988,3
1298,3
856,0
512,0
4838,2
3077,4
5937,4
174,4
6171,4
2055,4
6733,4
3049,0
2912,0
1026,3
5357,4
4696,0
69,4
2985,4
3003,1
5530,0
4608,4
5513,4
5878,4
5681,2
1558,3
5174,3
3812,4
7328,1
2876,4
5049,1
4748,0
7324,0
2284,4
3113,0
6781,3
7527,0
5891,4
3119,4
6770,3
4189,4
1566,4
6413,3
3021,1
7417,0
3393,4
2155,4
6245,4
6053,3
6389,4
1217,0
3700,4
459,4
4882,3
7403,4
2138,1
2632,4
1827,3
3151,2
503,3
3004,3
3521,4
3276,1
4384,0
6102,4
2973,3
5001,1
4208,0
2942,2
5990,3
2908,0
686,1
2293,4
7294,1
7147,0
1218,0
6494,4
4265,2
3769,1
2608,0
1306,4
1957,0
304,4
1164,4
6055,0
201,0
2005,4
3684,2
1416,3
5497,4
7499,1
7513,4
2511,4
3485,4
7105,4
4025,3
4421,4
2447,3
3732,4
3013,3
1126,4
2462,3
6967,4
3318,3
5971,2
1894,4
7145,0
1118,2
1396,0
4873,2
1271,2
358,1
3797,4
2417,4
3333,0
2922,1
217,4
2630,1
1945,2
5319,1
3074,0
6491,4
4820,1
5041,4
3799,4
3821,4
3150,1
1679,3
5847,2
5120,4
3185,4
7474,4
6274,1
2886,1
2335,3
2738,2
348,3
1723,4
1276,3
4932,4
230,2
320,4
1721,4
2051,4
377,0
2613,0
251,3
6318,3
3833,2
5927,1
2686,4
196,4
7502,3
4431,4
2185,0
2499,4
7119,3
5890,4
2520,3
4336,4
6407,4
44,4
3399,3
1370,0
6923,0
5462,0
2881,1
3877,3
584,4
1148,0
4357,4
1427,4
3108,0
2735,0
829,0
74,4
7504,3
94,3
326,0
1105,2
7338,4
6952,1
5244,4
682,0
1782,2
6124,2
3323,0
3281,4
2891,3
973,3
6678,4
5717,3
5153,4
1604,0
400,4
1394,3
393,1
5607,1
4156,2
3363,0
429,1
4104,4
600,3
6820,4
3956,4
2975,4
3529,0
2851,2
1418,4
7074,0
3685,3
4970,3
4817,4
3836,4
1881,4
2595,3
7462,4
6209,4
4221,4
5370,3
6156,1
1156,4
6534,0
4450,0
5323,4
2764,4
7494,4
1499,4
4003,3
5257,2
3411,4
6288,1
5692,2
5473,0
726,4
2228,3
2306,2
5040,4
6927,4
216,4
6831,4
1376,4
2123,0
7579,4
143,4
257,4
5773,4
2199,4
3024,3
1080,3
2853,2
1775,0
3563,4
3476,4
7503,2
315,3
1751,3
4262,0
5017,0
873,4
7176,4
6727,2
3655,4
2426,0
7256,4
935,3
1318,3
5858,0
5202,3
797,3
5317,1
6151,4
444,4
2190,0
1952,1
2731,3
2984,4
7143,3
4981,4
7260,0
6449,3
2160,4
7041,3
3765,3
622,3
1248,3
2793,4
5575,4
879,4
1729,2
6081,4
4694,0
902,4
6732,1
5912,3
135,4
3986,2
5416,4
7469,0
6704,2
2840,4
7232,0
7038,4
2642,2
1748,4
7420,4
5411,4
3098,4
5449,3
3520,4
6451,4
3750,3
42,4
2873,2
861,2
3264,0
2065,4
2852,2
4401,0
2357,2
7258,4
2291,3
3067,3
3867,1
6433,4
1163,3
3394,0
6443,3
493,0
3163,4
2929,3
3536,2
7103,1
1464,4
3913,3
2242,4
2990,3
4881,4
740,4
5380,3
6018,0
4815,4
3116,2
2957,2
6332,4
6212,1
6809,2
6960,4
2724,4
3503,4
2092,1
6190,1
6300,2
6194,1
1130,4
7003,1
3493,1
4971,4
1125,4
6711,2
3034,4
5511,2
7540,3
1518,1
1606,1
2141,2
2768,0
6098,4
4015,4
2418,1
2161,1
7505,4
3946,4
7133,3
3195,4
4213,4
720,0
2392,4
1425,4
2152,3
1213,4
1158,4
3636,3
3996,4
1681,4
4216,4
1188,2
5069,2
7432,2
7314,0
2140,3
1007,4
3425,2
5210,1
7244,4
81,3
6258,4
1582,4
3538,3
2454,3
6128,1
4706,0
513,4
5373,4
3224,3
4640,3
2469,4
4568,3
5051,4
6875,3
2494,0
6266,2
6291,2
424,4
6758,1
668,4
6077,1
6051,4
5245,0
5967,4
5517,1
253,1
3470,3
6551,4
6385,2
7293,3
105,4
5633,0
4260,4
192,4
6240,1
7268,0
3138,2
6348,3
5283,0
3483,4
2281,3
3235,0
6421,2
1415,4
3580,4
6362,0
6029,4
4317,2
4625,1
3525,4
6641,4
2570,3
1795,0
7309,3
6437,4
224,4
4712,4
4112,1
881,3
1172,3
6955,1
1981,0
3603,4
3069,1
2875,4
1277,4
5199,3
654,3
6395,3
1645,0
1572,4
356,3
3905,4
6158,3
4380,2
5002,1
4933,3
3072,0
1925,2
1182,3
6027,4
2677,0
303,2
4409,4
5225,3
6740,0
5800,0
2413,0
1301,4
2088,4
3165,3
490,3
5994,4
1527,0
3722,0
5007,1
6324,0
1840,2
2359,0
3794,4
6414,4
3307,1
4896,3
3122,4
7059,0
7216,3
6935,4
5655,2
4164,3
2248,4
1868,4
56,0
2548,3
3088,3
853,0
5056,2
1706,4
2070,0
3137,3
3002,4
5904,3
6149,1
2410,0
517,4
6071,2
4623,0
6944,0
4096,4
2496,3
5926,0
4457,3
3501,3
3334,0
967,3
1207,3
5506,4
3262,4
875,2
6962,3
2637,3
2755,2
2399,4
5819,1
4428,2
6264,4
4076,2
4545,1
5980,4
6934,3
4903,0
3464,4
4026,0
1017,4
5031,1
5087,3
1893,4
2757,3
1838,4
1686,0
357,3
6654,4
524,0
5708,2
4984,1
2685,3
5260,4
397,1
1588,0
7528,0
5272,4
4264,3
4659,4
1496,4
6521,3
407,4
5061,2
5441,2
2598,4
6908,3
4400,1
971,3
3372,2
5266,0
4569,4
2624,1
5311,1
6114,4
2380,4
7191,0
2419,4
6310,3
6500,4
6242,3
1381,4
37,2
3345,1
1579,4
1358,2
1899,3
551,3
5039,0
2885,0
4191,0
717,4
4194,4
26,4
4165,3
6356,2
6701,0
3705,1
6969,3
7114,3
3352,4
4482,0
5273,1
3974,3
4944,2
1095,4
4610,2
6420,4
7196,3
3810,2
3605,0
6815,1
571,3
4597,4
4256,3
7006,4
6800,4
2569,3
1447,4
6624,2
884,4
7188,4
411,1
4314,4
1766,3
5713,3
5687,4
6033,4
2116,3
2712,1
3849,0
5739,0
4674,3
984,2
2459,4
669,0
7215,3
6292,3
1036,4
3518,1
4451,4
6925,3
575,4
3712,0
6331,4
1466,4
6207,1
3504,4
4147,3
6159,3
4812,3
1144,3
1369,0
2907,1
5757,4
111,4
7590,3
6350,2
1738,4
7186,4
3809,2
6030,3
2805,2
3968,1
3346,0
3774,4
197,0
75,3
6647,4
6691,4
2545,2
3221,3
508,3
6467,3
5011,2
857,0
4915,3
5093,2
4128,1
2320,2
1362,2
6634,1
4356,4
4047,3
4394,4
4109,3
4053,2
7490,0
1982,0
6918,3
4735,3
1744,3
4570,4
95,2
4544,0
239,0
3973,3
1636,4
3375,4
7311,3
3564,4
3255,4
2770,4
6547,4
2176,3
1977,4
2079,4
233,3
5923,1
2858,1
108,4
1337,4
5034,0
790,3
2246,4
162,4
3676,3
806,4
1857,4
3643,3
1154,4
677,1
1371,3
6664,4
979,4
1146,2
5239,2
549,4
860,2
4386,1
5792,0
6038,4
3059,4
328,4
4703,4
5296,4
1970,2
3287,0
2163,4
7509,0
5846,0
4274,4
5463,4
751,4
4494,0
848,4
7242,4
6044,4
5735,0
7262,4
3466,2
2652,0
433,4
3728,4
3289,1
7453,0
6458,0
6043,2
3079,4
7376,1
1505,3
3308,4
5612,4
2692,4
7372,4
263,4
3510,0
29,4
1073,4
18,0
679,4
4730,4
7463,0
5029,4
735,4
2956,4
1368,3
5465,4
2336,1
3548,0
5676,4
4089,4
589,3
5301,3
4519,4
5206,2
5907,4
1528,4
3841,1
2578,1
6998,3
7069,1
299,1
6351,4
3505,3
6374,4
4187,4
2703,2
6991,4
1578,3
6523,4
3850,4
1445,3
7020,4
6220,1
310,4
5111,0
616,4
5062,4
5736,4
6461,4
6743,4
1336,3
7312,0
7310,4
4508,2
3370,4
1870,4
1871,4
827,3
5457,4
1214,4
1858,4
528,4
2257,4
5351,4
3212,4
2059,4
5227,4
6337,4
5799,4
3509,4
1547,0
6616,4
1727,3
4461,4
50,3
579,4
6823,0
1657,3
2802,4
3382,4
147,2
4849,4
5983,3
3971,4
3553,4
5347,4
1123,4
1405,0
2263,3
3960,4
629,4
7547,4
5478,4
3385,3
5680,1
307,4
903,3
699,0
7265,2
7414,4
4704,4
2180,4
2601,4
3772,4
276,4
7377,4
1825,2
1384,4
7560,4
4583,4
4416,0
1489,3
4150,3
2753,4
7150,4
6013,3
2804,2
3579,4
7566,4
2261,4
2084,4
6278,4
2188,3
6511,4
4990,4
6576,4
3439,4
7061,3
6602,3
2382,4
7152,4
7274,4
5393,3
4338,3
2978,4
72,4
5058,4
5704,0
2514,1
1683,4
5796,4
5848,4
2486,1
4628,4
1351,4
5417,1
2660,0
7532,4
509,4
1159,4
3687,4
804,4
2579,4
7236,4
295,4
5212,4
3017,4
5302,2
4524,4
3789,4
3051,4
4922,2
6730,0
3652,4
4669,1
4866,2
1922,4
1087,4
2529,4
615,4
2238,1
388,2
3546,4
1086,2
749,3
5075,4
1753,4
1523,4
6530,4
1817,4
7378,3
3720,4
1265,3
3220,4
2684,4
7029,3
6929,4
5201,3
6135,1
3848,4
288,0
2884,4
4587,4
4415,4
6984,4
6429,4
4929,4
3187,4
1038,3
7460,0
1071,4
863,0
5933,3
2974,4
321,4
2869,4
6838,2
4254,4
6560,4
1546,1
3338,4
3046,3
464,1
6279,4
6558,4
7379,0
4906,0
4480,2
3854,3
2475,0
6924,4
6531,0
6828,4
2256,4
1986,4
1202,1
7054,2
6173,2
2674,3
5484,3
6499,3
7266,3
1111,3
3811,4
5233,4
3206,4
6019,4
5866,2
5545,4
4186,1
1052,4
1531,0
5755,1
6822,3
2071,1
3775,1
3202,4
3825,4
4741,4
2011,4
2500,0
4433,4
1781,4
7542,4
7079,4
7506,4
3669,4
6971,3
1814,4
7581,4
6126,4
252,3
3901,4
284,4
91,4
6379,4
6591,4
3302,4
1700,1
2247,4
7369,0
1331,3
3431,4
7449,3
487,3
2295,4
5248,3
718,4
4291,4
3080,1
6064,2
3879,3
6596,4
6121,1
715,4
4839,4
2563,4
2943,0
5308,2
842,4
3552,4
3300,4
7531,4
455,4
5267,4
2575,1
3330,4
7056,3
1014,0
1048,4
7326,1
5198,4
5018,3
6153,4
5955,4
6406,2
4649,4
786,4
7218,4
2604,4
2845,4
4460,4
449,3
5876,2
7472,4
4666,4
6938,4
4514,3
4942,4
2737,0
2139,0
3608,4
7224,3
1926,2
2094,3
78,0
2465,0
5807,1
5914,4
1241,4
5753,4
7496,4
62,4
6236,3
7190,0
3479,4
6736,3
5722,4
1948,1
7458,4
2174,4
4629,4
6675,3
2557,4
6855,4
6846,3
6772,1
7557,4
1485,4
3718,2
7523,4
3682,4
2151,4
2412,4
2525,4
859,4
912,4
7341,1
3686,4
3922,1
2518,4
3583,0
2904,1
6113,3
3429,0
3683,1
3332,4
4526,4
1254,4
5695,3
495,3
6614,3
515,4
3016,4
5139,4
4800,4
7051,3
5448,4
4341,4
6032,4
6083,3
2546,3
226,0
5879,4
5783,3
3115,4
3798,4
4184,4
3356,4
1269,1
412,1
7255,4
5486,0
3692,2
2018,4
5691,3
1755,4
209,4
7231,4
4865,3
1419,1
7259,4
7072,4
5662,4
6408,4
6272,3
7000,4
7209,3
1424,0
1320,4
6957,2
2381,4
1403,4
6476,3
7120,4
480,3
5588,4
2593,4
7543,4
3467,4
4979,0
3845,4
877,4
2449,1
5140,3
5536,3
161,4
7388,4
2663,4
5050,3
3397,4
5422,4
588,3
3091,4
3315,4
4161,4
7164,4
3419,1
1222,4
3371,3
1128,4
4542,3
3959,1
4968,4
1083,4
3507,4
716,0
2938,4
4226,1
5826,4
4537,4
3142,4
2194,0
3184,4
7168,4
441,4
1503,4
1442,4
4697,2
3022,4
3912,4
1399,4
7107,1
990,3
24,4
2700,2
5282,3
2537,4
1066,4
4898,0
4402,4
4776,4
5148,4
4411,4
2754,3
205,3
522,3
34,4
3893,4
6910,4
1309,4
5608,2
47,0
5920,4
6575,3
6246,4
3459,4
6572,3
5526,4
7364,4
2146,3
4334,1
7198,4
3086,4
4718,4
4259,4
5154,4
5917,4
506,4
4021,4
7175,4
5732,4
6959,3
25,4
6478,3
6917,3
7005,3
1251,4
4331,1
6281,1
6251,1
3199,4
5592,4
6028,3
577,4
4204,3
5241,0
754,1
7391,2
7367,0
5108,4
3219,4
6369,2
5724,4
3496,4
4757,1
7514,4
5711,1
2473,4
3664,4
5877,4
4773,3
4588,4
5358,4
2023,0
6673,4
5024,4
3903,4
838,4
2073,1
4347,4
6840,4
1678,3
6657,4
5450,4
4522,4
4323,4
7346,3
1412,4
4991,4
5419,3
1200,1
7464,4
1308,3
2098,4
3261,4
6649,3
2760,2
5765,4
6606,4
1880,3
3717,4
6257,4
5706,4
5715,4
4603,0
1819,4
6483,1
4324,4
4500,4
1875,4
1938,3
4030,4
2573,4
4422,4
874,2
974,3
2634,4
7573,2
4413,2
7412,3
2844,4
3162,4
623,3
23,4
1064,3
5942,4
4301,1
4029,4
1364,2
2507,3
1722,4
4481,4
3914,4
1924,1
6793,3
4749,2
5446,0
898,4
5331,4
5929,4
2217,3
7331,0
5320,0
1374,0
5043,4
2024,4
1243,3
1106,4
4670,4
1089,0
6680,4
133,4
19,4
3955,4
1010,4
2614,4
1614,4
628,4
7111,4
3454,4
2383,0
5117,4
6493,4
534,3
7208,3
5678,4
3099,4
7444,1
3928,4
5625,4
4393,4
5063,4
4374,4
4983,2
2303,2
1342,4
914,4
4743,4
6559,4
32,2
7155,4
5610,1
6769,4
5304,4
4974,4
4477,1
5979,4
3573,3
6249,4
6105,1
1177,3
2034,4
5976,4
7466,4
2836,2
3866,4
538,2
5142,4
4992,4
1079,4
4619,2
1998,3
7130,1
552,4
4146,4
5365,4
889,3
662,4
3154,4
7226,3
5125,0
1895,0
2776,1
3574,4
1260,4
5600,4
463,4
5836,4
7507,1
2422,4
6435,1
2304,4
5384,3
5236,4
1206,0
1474,3
6931,4
5352,4
4050,4
2811,4
3747,2
2233,4
526,4
3995,4
2378,4
5479,3
6244,3
5768,3
1046,4
1312,4
779,4
5637,4
6440,3
6545,4
2556,4
640,4
474,3
5641,0
1314,4
2958,1
1885,4
2977,0
5188,2
399,2
4398,4
2442,3
5957,4
763,4
3247,1
844,4
3615,4
2678,4
6940,4
3926,4
7584,4
1235,4
7457,3
5392,4
2961,4
210,2
900,0
2327,4
4442,4
2269,1
6583,4
3144,4
4818,4
6146,4
2362,4
2002,1
1513,4
1680,4
1816,2
5886,4
6738,4
5300,4
1511,4
4919,4
2823,3
4737,0
4647,4
3689,4
1912,1
3309,3
899,4
298,4
3349,4
302,4
5565,3
1776,4
3934,4
572,4
3225,3
3222,4
3135,4
5235,2
5611,4
6553,4
1724,4
3884,0
6423,4
1806,4
4727,4
2594,4
3092,4
5764,3
4924,4
775,0
5183,4
3227,2
5344,3
5754,4
4739,3
5495,3
6039,0
7045,0
6411,4
5984,4
799,1
3473,4
3838,0
1677,2
4405,3
3698,4
6457,0
1056,4
2061,2
3623,4
4993,4
4574,4
6524,4
998,4
6916,4
7028,4
6801,4
5875,4
2654,4
2911,4
876,2
6358,4
6724,4
4701,3
2976,3
2826,3
986,4
6949,4
5150,0
204,4
5742,4
5048,4
7199,2
7134,4
766,3
6869,2
7544,3
2468,4
3055,3
5289,0
4013,4
2987,0
4090,2
4006,0
5181,2
4958,3
1437,4
1042,4
2178,3
812,4
6613,4
2775,4
1100,1
5553,4
4878,0
7032,4
2379,4
3778,4
3534,4
5777,4
1707,0
4763,1
1628,4
1758,4
4153,2
7354,4
1627,4
6597,4
6093,4
2264,4
3715,1
6361,2
3095,3
5487,1
5284,1
1392,4
5911,4
2918,0
5025,4
1420,3
1070,3
7009,2
1903,3
2850,1
3316,4
2501,4
915,0
4646,4
1477,4
1472,3
4148,4
7351,0
5811,4
1705,4
6699,2
625,4
2432,4
6456,3
4908,4
4458,3
2021,3
6293,0
7479,0
4554,0
7183,3
3616,3
1810,3
4124,1
2302,4
5991,0
5794,4
4106,3
6813,4
593,4
278,4
1304,4
375,4
5566,4
1334,3
3081,4
5156,3
1931,3
6861,4
265,3
4197,4
7253,4
689,4
4946,4
825,0
750,3
1231,0
7392,2
2050,4
596,4
6286,0
1756,3
2587,4
5552,4
7538,4
4345,1
6054,4
6948,1
5751,4
3360,4
6872,4
3381,4
5420,4
3117,4
932,3
2913,1
198,4
3422,4
3872,3
6723,0
3132,4
2173,4
3376,4
4474,4
4769,4
2488,3
3390,4
6507,4
5271,2
2064,4
6271,3
2646,0
2583,4
6941,4
6785,4
5421,4
5068,0
2274,3
1267,4
2245,0
7222,0
5648,0
7522,3
7386,2
3896,1
132,0
1220,4
3917,3
6658,4
6529,4
4385,3
4831,4
3963,1
1460,4
3578,4
1844,2
7001,3
5076,2
5178,4
76,4
672,3
835,3
2874,4
6629,4
2519,4
926,4
2695,4
6448,2
7217,4
4778,3
2893,4
7489,4
2387,3
6945,1
5085,4
2629,2
4177,3
3497,4
1092,4
3304,4
1891,4
4518,0
4151,3
5013,0
6650,4
3736,4
229,0
2694,4
65,0
5551,3
6672,3
6254,4
760,4
5474,4
6570,3
3361,4
5864,0
1823,4
1832,4
5369,4
1011,0
7493,4
3881,0
4538,4
5394,4
4441,2
1906,4
3362,4
4001,4
221,3
3977,4
1275,4
3753,1
6577,4
1902,4
3742,4
4832,4
1599,3
3889,4
1240,2
6321,4
2772,3
5399,4
4368,3
5169,4
5447,1
1436,4
438,4
2723,4
6905,4
3756,0
1347,2
2924,4
3589,4
649,1
7106,3
6715,0
4872,4
3482,3
1940,4
897,4
4299,2
2616,3
101,4
711,3
1180,4
891,4
3263,3
5452,4
4285,4
2859,4
1731,2
850,4
5885,4
2337,4
5219,4
7340,0
5698,4
3952,0
1796,4
96,2
1131,4
3556,4
477,3
6753,4
180,4
2966,3
5928,4
89,1
3341,4
1711,4
4994,4
30,4
583,0
5160,4
5343,4
618,4
4809,3
4346,4
5119,4
3614,4
6006,2
3844,4
5054,3
172,3
2915,3
7397,4
1229,4
5675,4
928,3
1117,2
7263,4
2926,3
2710,4
2453,4
1631,1
280,4
3389,4
736,3
3744,4
2968,4
758,3
2539,3
293,2
3136,1
6396,4
7317,4
6928,4
4406,4
6036,4
1245,4
4661,4
249,4
845,3
6936,4
1062,4
805,0
1580,4
486,0
6160,2
3853,4
7306,2
5499,2
1098,3
1701,2
5313,0
3695,4
5332,0
6514,4
7151,4
541,4
4515,4
405,4
5090,4
7034,1
3870,4
3254,0
1709,2
5354,4
4576,4
228,3
810,4
4744,4
7473,3
4392,1
3231,4
3834,4
3581,4
4945,2
1651,4
3646,4
4129,4
6757,1
211,4
4895,2
3270,4
3820,0
4307,4
5010,4
1045,4
6761,4
5574,3
1113,3
2506,4
6707,3
366,3
3840,4
2147,0
5003,4
2408,4
7582,3
1279,4
1178,4
4466,3
6419,3
7498,4
4755,4
1272,4
784,4
3781,4
5710,4
1379,0
7174,4
5368,3
6145,4
7361,3
1570,4
341,4
3145,2
963,4
1002,3
1328,3
3301,4
166,0
1694,4
4255,4
4584,3
5946,4
5812,3
1785,4
6365,4
5306,4
115,4
5165,4
1378,4
3653,4
5524,4
7525,4
5619,4
7345,1
4853,0
4123,4
1050,2
7276,3
1019,4
6816,4
6571,4
6189,4
6965,4
2931,4
701,4
3230,0
4606,4
6777,4
4024,4
2273,4
836,1
1515,4
7004,4
5626,4
3107,4
3944,4
3457,3
2020,3
3997,4
1193,4
212,3
988,4
7436,3
602,1
5771,4
4867,3
2052,3
3236,4
472,4
1286,4
6702,4
7521,4
404,4
2101,0
3039,2
4005,1
3186,3
5496,4
6744,4
5162,4
2953,4
4444,4
6436,0
594,0
7068,1
4511,4
2386,4
7277,4
4862,4
4033,4
3749,3
1501,4
6373,4
3582,1
2109,4
3303,3
445,3
6501,3
4914,2
7529,4
2797,4
1175,4
4921,2
5220,4
2503,4
7187,4
1266,3
117,4
3149,2
2342,2
1332,2
2941,4
5132,4
3629,4
730,3
5874,0
952,4
5277,0
4909,2
5938,3
7238,3
3076,4
4635,4
3176,4
7,3
4836,4
4631,3
2789,4
4118,2
3040,3
488,4
4509,0
4214,4
5694,4
6497,4
6752,4
1239,4
4925,4
7437,3
4448,1
5387,4
943,4
3030,4
4023,4
2743,4
1326,3
5620,3
2917,1
6787,4
7416,4
533,4
3601,0
2690,4
6228,4
4365,3
2346,2
6522,4
7459,4
4660,0
6475,4
1022,4
1287,3
5797,0
7241,4
5900,4
1939,4
4827,4
4119,4
2421,4
5999,2
3637,4
2698,4
4638,1
7169,0
2207,3
3822,4
5355,4
1670,4
6009,4
660,4
6378,3
6700,4
2792,3
381,4
1428,3
6097,3
134,4
6535,2
385,0
1689,4
568,1
6670,4
1684,4
4527,1
6052,3
2495,4
1211,1
7411,4
5023,4
1198,3
6623,2
5520,0
1247,3
3759,3
5444,4
6424,3
4241,4
5455,4
28,4
2265,4
7225,4
3386,4
6648,4
6074,1
3326,4
2250,4
4062,1
2086,4
4911,3
3628,4
1340,4
7334,4
1075,1
3364,2
3207,4
7062,4
2409,4
6665,4
1794,4
4575,2
5673,0
2170,0
942,4
4218,4
4367,4
6069,4
3213,0
5215,4
4068,0
1446,4
193,4
4534,3
3804,3
6748,4
6229,0
7254,4
2679,4
6937,3
6786,4
6227,4
5298,1
651,4
3434,3
6643,4
5744,4
5028,4
2527,4
1916,4
6175,0
16,4
3647,4
4182,4
7526,3
4962,3
3378,2
1954,4
237,3
1803,4
4310,4
7065,3
3492,1
5638,4
4972,4
4141,4
4009,1
5328,0
7281,4
5823,4
2278,4
1609,4
1082,4
553,4
2047,4
630,4
6065,4
98,4
3876,1
3047,4
2560,4
1850,4
520,0
3707,0
2509,3
7203,0
1119,1
521,3
2750,3
546,4
1584,4
1772,0
1540,4
6863,0
1161,4
7055,4
241,1
1597,4
3524,4
1958,3
1510,4
4758,4
661,4
2676,4
4185,4
3638,4
4268,4
800,4
6692,4
2733,0
3491,4
1233,4
5539,0
1142,3
3650,1
2588,3
791,0
5483,2
831,3
4888,4
6285,4
2235,1
830,2
6899,4
3239,4
1480,3
5297,1
2120,1
6138,4
4321,4
2348,4
4304,0
7182,3
3555,4
6431,0
3640,4
5580,4
3591,0
3237,0
619,4
6008,4
4558,4
2198,4
613,4
6943,3
5359,4
7087,0
4000,4
1603,3
6152,4
962,4
6450,3
6070,4
362,2
3958,4
1407,4
5913,2
5278,4
7116,2
511,4
2963,4
5882,1
7153,4
316,1
2670,4
3862,4
3018,4
1671,4
6762,3
2621,4
958,4
4904,0
4117,4
6068,4
7013,1
5699,4
994,4
7275,4
5468,4
4423,3
5019,3
1673,3
1699,4
3170,0
309,4
2333,3
1452,4
5346,0
350,4
2479,4
1250,4
595,0
7039,4
7593,3
4828,4
7197,4
6101,4
5643,4
4088,2
4792,4
3675,4
2914,0
3656,3
6527,4
6392,4
3887,4
39,1
6978,4
3462,4
7501,4
7387,4
1296,3
7570,1
7300,4
6217,4
2420,4
4722,4
3056,4
7178,4
2562,4
5285,4
4651,4
1341,4
2892,0
7064,4
6930,4
6870,4
4899,3
83,3
5969,0
6883,4
5972,2
680,2
1252,3
1359,4
3456,4
4288,3
3071,3
5432,4
5741,0
6513,4
2429,4
6140,4
2402,4
1859,4
4250,4
4767,4
6402,4
3678,4
2996,4
5339,2
6593,4
6734,4
1385,0
6333,3
6205,4
4475,3
2375,2
3412,4
4540,4
2037,3
1084,4
5101,4
6812,4
1972,1
2046,4
2330,4
2970,3
3570,4
3121,4
6057,4
5476,4
175,4
6904,4
3560,4
3802,4
215,3
6834,3
7139,4
7450,3
3111,4
4430,4
3141,3
3188,4
4492,4
6903,2
1492,0
4223,0
7365,4
2638,4
5084,4
510,4
3288,4
599,0
41,4
719,4
71,4
5763,4
4335,4
383,4
1907,4
155,4
3087,4
4663,4
687,4
834,4
123,3
1323,3
1829,4
4219,0
885,2
5336,4
5059,4
2781,3
3590,0
365,3
7219,3
2810,4
4784,4
7323,4
1882,0
6760,4
6299,3
4726,3
5136,4
6250,4
1661,4
246,4
7451,4
702,4
2818,1
5428,3
3038,4
2134,0
2522,3
3253,2
5460,0
582,3
7083,4
3592,4
653,3
6876,1
1740,4
3594,3
2490,4
5415,3
2992,4
6795,4
2636,1
5334,4
4085,3
1155,0
995,3
6544,4
6167,0
4303,4
7002,3
58,3
3532,4
7342,4
7301,0
1236,4
6417,4
2751,0
2260,4
5924,4
6652,4
208,4
1568,4
1012,4
5705,4
3921,4
5549,4
664,4
7123,3
4145,4
3782,3
2730,4
2279,0
1067,4
497,0
5966,4
3437,0
1639,0
5379,4
2414,4
4342,4
6233,4
4192,4
6399,1
2756,1
3856,4
5977,4
7162,4
5837,4
5798,4
7173,0
5693,1
4361,4
2989,0
2195,4
5378,3
4807,4
2339,4
4435,4
626,4
1162,1
642,4
254,0
5571,3
1167,4
6966,2
1152,4
6076,4
6363,4
2372,4
3179,2
2019,4
330,4
222,4
2516,0
2819,4
7423,0
3283,4
4729,0
2004,1
5307,4
4195,4
2255,3
1990,3
7131,4
608,4
4471,2
6703,0
5780,3
7321,4
3752,4
1509,4
5179,3
1096,3
5887,2
2075,4
3780,4
3028,4
841,3
6630,0
